query_id,query,passage_id,passage,is_selected
1102432,কৰ্পোৰেচন কি?,0,"এটা কোম্পানী একটা নির্দিষ্ট দেশত অন্তৰ্ভুক্ত কৰা হয়, প্ৰায়েই সেই দেশৰ একটা সৰু উপসমষ্টিৰ সীমাৰ ভিতৰত, যেনে এখন ৰাজ্য বা প্ৰদেশ। তাৰপিছত সেই কোম্পানীটো সেই ৰাজ্যৰ অন্তৰ্ভুক্তিৰ আইনৰ দ্বাৰা পৰিচালিত হয়। এটা কোম্পানীয়ে হয় ব্যক্তিগত বা সৰকাৰী ভাবে ষ্টক জাৰি কৰিব পাৰে, বা এটাক অ-ষ্টক কোম্পানী হিচাপে শ্ৰেণীবদ্ধ কৰিব পাৰে। যদি ষ্টক জাৰি কৰা হয়, তেন্তে কোম্পানীটো সাধাৰণতে ইয়াৰ শ্বেয়াৰহোল্ডাৰসকলৰ দ্বাৰা পৰোক্ষভাৱে বা প্রত্যক্ষভাৱে পৰিচালিত হয়।",0
1102432,কৰ্পোৰেচন কি?,1,"আজি, ৫০খন দেশৰ ২,১০০ৰো অধিক প্ৰত্যয়িত বি কৰ্পছ আৰু ১৩০টাতকৈও অধিক উদ্যোগৰ এক বৰ্ধিত সম্প্ৰদায় আছে যি ১টা একীকৰণমূলক লক্ষ্যৰ দিশে একেলগে কাম কৰি আছে: ব্যৱসায়ত সফলতাক পুনৰ সংজ্ঞায়িত কৰা। আন্দোলনত যোগদান কৰক",0
1102432,কৰ্পোৰেচন কি?,2,"নিগমৰ সংজ্ঞা, ব্যক্তিসকলৰ এক সংঘ, আইনৰ দ্বাৰা সৃষ্টি কৰা হয় বা আইনৰ অধীনত, ইয়াৰ সদস্যসকলৰ অস্তিত্বৰ পৰা স্বাধীন এক অবিচ্ছিন্ন অস্তিত্ব থাকে আৰু ইয়াৰ সদস্যসকলৰ পৰা পৃথক ক্ষমতা আৰু দায়বদ্ধতা থাকে। অধিক জানক।",0
1102432,কৰ্পোৰেচন কি?,3,এক বাক্যত কৰ্পোৰেশ্যনৰ উদাহৰণ। ১ তেওঁ কেইবাটাও বৃহৎ কৰ্পোৰেশ্যনৰ পৰামৰ্শদাতা হিচাপে কাম কৰে। ২ এটা উল্লেখযোগ্য কৰ্পোৰেশ্যন যিয়ে দেখুৱাইছিল যে তেওঁ সকলো খাব পৰা বুফেটৰ প্রতি আকৰ্ষিত আছিল।,0
1102432,কৰ্পোৰেচন কি?,4,"১: একটা চৰকাৰী মালিকানাধীন নিগম (একটা ইউটিলিটি বা ৰেলপথ হিচাপে) যি একটা লাভজনক উদ্যোগত নিয়োজিত হৈ থাকে যাৰ বাবে চৰকাৰী ক্ষমতা (একটা বিশিষ্ট ডোমেইন হিচাপে) প্ৰয়োগ কৰাৰ প্ৰয়োজন হয় — যাক চৰকাৰী নিগম, পাব্লিকভাবে অধিকৃত নিগম বুলিও কোৱা হয়।",0
1102432,কৰ্পোৰেচন কি?,5,মেকডোনাল্ড'ছ কৰ্পোৰেশ্যন হৈছে বিশ্বৰ আটাইতকৈ চিনাকি কৰ্পোৰেশ্যনসমূহৰ ভিতৰত অন্যতম। এটা কৰ্পোৰেশ্যন হৈছে এটা কোম্পানী বা মানুহৰ গোট যাক আইনত একক সত্তা (আইনগতভাৱে এজন ব্যক্তি) হিচাপে কাম কৰিবলৈ অনুমোদিত আৰু স্বীকৃত। প্ৰাৰম্ভিক অন্তৰ্ভুক্ত সত্তাসমূহ চাৰ্টাৰৰ দ্বাৰা প্ৰতিষ্ঠা কৰা হৈছিল (অৰ্থাৎ এজন ৰজাৰ দ্বাৰা প্ৰদত্ত বা সংসদ বা বিধানমণ্ডলৰ দ্বাৰা গৃহীত এক অস্থায়ী আইন)।,1
1102432,কৰ্পোৰেচন কি?,6,"নিগমসমূহ তেওঁলোকৰ শ্বেয়াৰহোল্ডাৰসকলৰ মালিকানাধীন (শ্বেয়াৰহোল্ডাৰ) যিসকলে প্ৰতিষ্ঠানটোৰ কাৰ্যকলাপৰ জৰিয়তে উৎপন্ন হোৱা লাভ আৰু লোকচানত অংশীদাৰী কৰে আৰু তেওঁলোকৰ তিনিটা স্বতন্ত্ৰ বৈশিষ্ট্য (১) আইনী অস্তিত্ব থাকে: এটা প্ৰতিষ্ঠানে (এজন ব্যক্তিৰ দৰে) ক্ৰয় কৰিব পাৰে, বিক্ৰী কৰিব পাৰে, মালিকানা লাভ কৰিব পাৰে, চুক্তিত প্ৰৱেশ কৰিব পাৰে আৰু অন্য ব্যক্তি আৰু প্ৰতিষ্ঠানসমূহৰ বিৰুদ্ধে গোচৰ তৰিব পাৰে আৰু তেওঁলোকৰ দ্বাৰা গোচৰ তৰিব পাৰে।",0
1102432,কৰ্পোৰেচন কি?,7,"একটা এছ'চিয়েশ্যন হৈছে একটা সংগঠিত গোষ্ঠী যিয়ে একটা সাধাৰণ আগ্ৰহ, কাৰ্যকলাপ বা উদ্দেশ্য ভাগ কৰে। ১ ব্যৱসায় আৰম্ভ কৰক আৰু ব্যৱসায় পৰিকল্পনা কৰক। ব্যৱসায়ৰ গঠন সৃষ্টি কৰক। ২ আপোনাৰ ব্যৱসায় সলনি বা আপডেট কৰক আৰু বিদ্যমান ব্যৱসায়ত একটা নতুন অৱস্থান যোগ কৰক। আপোনাৰ বিদ্যমান ব্যৱসায়ত একটা সমৰ্থন যোগ কৰক।",0
1102432,কৰ্পোৰেচন কি?,8,বি কৰ্পৰ প্ৰমাণপত্ৰই বিশ্বব্যাপী আন্দোলনৰ নেতৃত্ব দিয়া কোম্পানীসমূহৰ ওপৰত পোহৰ পেলাইছে...,0
1102432,কৰ্পোৰেচন কি?,9,আয়কৰৰ ক্ষেত্ৰত এলএলচি-সমূহে অধিক নমনীয়তা প্ৰদান কৰে। ১ এলএলচি-ৰ মালিক বা সদস্যক তিনিটা পদ্ধতিত কৰ দিব পাৰে: ২ একক মালিকৰ এলএলচিক কৰৰ উদ্দেশ্যে একক অনুসূচী (একক মালিক) হিচাপে বিবেচনা কৰা হয়।,0
1102431,ৰেচেল কাৰ্চনে কিয় এক বাধ্যবাধকতা সহ্য কৰিবলৈ লিখিছিল,0,"পঢ়িবলৈ লিখিবলৈ - কিতাপৰ প্ৰতি ভালপোৱা বৃদ্ধি কৰক (যদিও ই এখন কমিক কিতাপ) এটা যুক্তি অনুচ্ছেদত সংগঠিত কৰক, শব্দ [যি] এক সাধাৰণ উদ্দেশ্যৰ বাবে একেলগে কাম কৰিছিল ওয়াকাৰ: মডেল ব্যৱহাৰ কৰি - অন্যান্য গৱেষণা পত্ৰ পঢ়ক, বিধায়কৰ নমুনা চাওক বিশ্বৰ এক বৃহত্তৰ দৃষ্টিভংগী বজাই ৰাখক আৰু আপোনাৰ লিখনিত - আপোনাক কি আকৰ্ষিত কৰে সেই বিষয়ে বস্তুনিষ্ঠ হৈ থাকক",0
1102431,ৰেচেল কাৰ্চনে কিয় এক বাধ্যবাধকতা সহ্য কৰিবলৈ লিখিছিল,1,"কাৰ্চনে তাইৰ লিখনিক সূক্ষ্মভাৱে সঠিক লিখন কৌশলেৰে পৰামৰ্শ দিয়ে যাতে ই এক অবাধ শৈলীৰ অধীন নহয় যি সমগ্ৰ প্ৰবন্ধটোক পক্ষপাতিত্ব নকৰাকৈ পাঠকৰ আগ্ৰহ আকৰ্ষণ কৰে। ৰাচেলে বিৰোধিতাক খুব সুন্দৰভাৱে উপেক্ষা কৰে: ""দ্য অ'ব্লিগেশ্যন টু এণ্ডিউৰ""। ৪ ইয়াক সহজ কিন্তু তথ্যপূৰ্ণ আৰু প্ৰভাৱশালী কৰি ৰাখে আৰু এক ভুল ধাৰণাত ধৰা পৰাৰ পৰা আঁতৰি থাকে যি ইয়াক পঢ়াৰ যোগ্য কৰে তোলে আৰু তাইৰ দৃষ্টিভংগীক বৈধ কৰে তোলে।",0
1102431,ৰেচেল কাৰ্চনে কিয় এক বাধ্যবাধকতা সহ্য কৰিবলৈ লিখিছিল,2,"নিবন্ধটি ""পৃথিৱীত জীৱনৰ ইতিহাস জীৱিত বস্তু আৰু তেওঁলোকৰ চৌপাশৰ মাজত এক পাৰস্পৰিক ক্ৰিয়া"" (কাৰ্চন, পৃ. ৫৭) বিবৃতিৰে আৰম্ভ হয়। আনহাতে, ইয়াক ""সহ্য কৰাৰ বাধ্যবাধকতাই আমাক জানিবলৈ অধিকাৰ দিয়ে"" (কাৰ্চন, পৃ. ৬) বাক্যটোৰে সমাপ্ত কৰে। এইবোৰ ভাল বিবৃতি যি পাঠকক কি আশা কৰিব পাৰি তাৰ এক ধাৰণা দিয়ে। অৱশ্যে, এনে সময় আছিল যেতিয়া লেখকে তেওঁৰ মতামতক তথ্যৰে সমৰ্থন কৰিছিল যি অগত্যা তথ্যপূৰ্ণ নাছিল।",0
1102431,ৰেচেল কাৰ্চনে কিয় এক বাধ্যবাধকতা সহ্য কৰিবলৈ লিখিছিল,3,"এশ্লে ডীমাৰ। ইষ্টাৰ্ণ গেটৱে' কমিউনিটি কলেজ। সাৰাংশ। তলৰ পৃষ্ঠাসমূহত পাঠকে ৰেচেল কাৰ্চনৰ ""দ্য অব্লিগেশ্যন টু এণ্ডুৰ""ৰ এক লিখিত আলংকাৰিক বিশ্লেষণ পাব। তলৰ বিশ্লেষণটোত কাৰ্চনৰ গ্ৰন্থ চাইলেণ্ট স্প্ৰিংৰ দ্বিতীয় অধ্যায় জড়িত আৰু ইয়াক ১৯৬২ চনত পূৰ্বতে লিখা হৈছিল।",0
1102431,ৰেচেল কাৰ্চনে কিয় এক বাধ্যবাধকতা সহ্য কৰিবলৈ লিখিছিল,4,"ৰেচেল কাৰ্চনৰ দ্য অ'ব্লিগেশ্যন টু এণ্ডিউৰ নামৰ প্ৰবন্ধটোত ৰেচেল কাৰ্চনে পৰিৱেশত ৰাসায়নিক, কীটনাশক, গছনাশক আৰু সাৰৰ ক্ষতিকাৰক ব্যৱহাৰৰ বিষয়ে এক অতি প্ৰভাৱশালী যুক্তি দাঙি ধৰিছে।",1
1102431,ৰেচেল কাৰ্চনে কিয় এক বাধ্যবাধকতা সহ্য কৰিবলৈ লিখিছিল,5,"কাৰ্চনে বিশ্বাস কৰে যে মানুহে অবাঞ্চিত পোক-পতংগ আৰু আগাছা নিৰ্মূল কৰিবলৈ চেষ্টা কৰাৰ সময়ত তেওঁ প্ৰকৃততে পৰিৱেশ প্ৰদূষিত কৰি আন সমস্যাৰ সৃষ্টি কৰিছে, উদাহৰণস্বৰূপে, ডিডিটিৰ দ্বাৰা আৰু জীৱিত বস্তুক ক্ষতি কৰি। কাৰ্চনে লগতে কয় যে কৃষিৰ তীব্ৰতাৰ ফলত অন্যান্য গুৰুতৰ সমস্যাৰ সৃষ্টি হৈছে, যেনে নতুনকৈ বিকশিত বা সৃষ্টি কৰা পোক-পতংগ আৰু ৰোগ।",1
1102431,ৰেচেল কাৰ্চনে কিয় এক বাধ্যবাধকতা সহ্য কৰিবলৈ লিখিছিল,6,"ৰেচেল এল. কাৰ্চনৰ ১৯৬২ চনৰ কপিৰাইট ""দ্য অব্লিগেশ্যন টু এণ্ডুৰ""।",0
1102431,ৰেচেল কাৰ্চনে কিয় এক বাধ্যবাধকতা সহ্য কৰিবলৈ লিখিছিল,7,"ৰেচেল কাৰ্চনৰ ""দ্য অ'ব্লিগেশ্যন টু এণ্ডিউৰ""ৰ পৰা লোৱা ""ছাইলেণ্ট স্প্ৰিং"" নামৰ এটা অংশত কাৰ্চনে কয় যে আমাৰ ওচৰত থকা কীটনাশক আৰু কীটনাশকবোৰ কেৱল পৰিৱেশৰ বাবেই নহয়, বহুত বেছি ক্ষতিকাৰক। ৰেচেল কাৰ্চন এগৰাকী লেখিকা যি পৰিৱেশৰ প্ৰতি আগ্ৰহী আৰু ইয়াৰ বাসিন্দাসকলৰ মঙ্গলৰ বিষয়ে চিন্তিত।",0
1102431,ৰেচেল কাৰ্চনে কিয় এক বাধ্যবাধকতা সহ্য কৰিবলৈ লিখিছিল,8,১ বিজ্ঞানৰ সীমাবদ্ধতা - সময়ৰ সৈতে পৃথিৱী সলনি হোৱাৰ লগে লগে বিজ্ঞানৰ অবজ্ঞা... অৱশ্যই এৰিষ্টটলে কৈছিল যে একমাত্ৰ এক ভৱিষ্যত নাই যি একটা কাৰণৰ দ্বাৰা নিৰ্ধাৰিত হয়। ২ এজন মানুহ এক অত্যন্ত ঠাণ্ডা পুৱাৰে ইউকনত ভ্ৰমণ কৰে এক খসখসীয়া... পাঠকে কেতিয়াবা মানুহৰ মনৰ ভিতৰৰ কাম-কাজৰ অন্তৰ্দৃষ্টি পায়।,0
1102431,ৰেচেল কাৰ্চনে কিয় এক বাধ্যবাধকতা সহ্য কৰিবলৈ লিখিছিল,9,"ৰেচেল কাৰ্চনৰ জন্ম হৈছিল ১৯০৭ চনৰ ২৭ মে'ত পেনছিলভেনিয়াৰ স্প্ৰিংডেলৰ ওচৰৰ এখন পাৰিবাৰিক খেতিত, পিটছবাৰ্গৰ পৰা এলেগেনি নদীৰ ওপৰেৰে যোৱা ঠাইত। তেওঁ মাৰিয়া ফ্ৰেজিয়াৰ (মেকলিন) আৰু ৰবাৰ্ট ৱাৰ্ডেন কাৰ্চন নামৰ এজন বীমা বিক্ৰেতাৰ কন্যা আছিল। তেওঁ তেওঁৰ পৰিয়ালৰ ৬৫ একৰ (২৬ হেক্টৰ) খেতি অঞ্চলত বহুত সময় কটাইছিল।",0
90836,পটাছিয়াম কম থকা খাদ্যৰ তালিকা।,0,"কম ছ'ডিয়াম কম পটাছিয়াম খাদ্য তালিকা। এই পৃষ্ঠাত আমি স্বাস্থ্যকৰ আহাৰৰ বাবে হাজাৰ হাজাৰ খাদ্যৰ পুষ্টিগত তথ্যৰ এক সন্ধানযোগ্য সংগ্ৰহ আগবঢ়াইছোঁ। স্বাস্থ্যকৰ খাদ্য গ্ৰহণ কেৱল ওজন হ্ৰাসৰ বাবেই উপকাৰী নহয়, স্পষ্টতই আপোনাৰ স্বাস্থ্যও উন্নত কৰিব।",0
90836,পটাছিয়াম কম থকা খাদ্যৰ তালিকা।,1,"উচ্চ ৰক্তচাপ (হাইপাৰটেনচন)ৰ উপশম - অধ্যয়নসমূহে দেখুৱাইছে যে পটাছিয়াম বেছি থকা আহাৰ, বিশেষকৈ ফল আৰু শাক-পাচলিৰ পৰা পটাছিয়াম থকা খাদ্যই ৰক্তচাপ কমায়। এইটো বিশেষভাৱে সত্য যদি পটাছিয়াম যুক্ত খাদ্যৰ বৃদ্ধিৰ সৈতে উচ্চ ছ'ডিয়াম যুক্ত খাদ্যৰ বৃদ্ধি নহয়।",0
90836,পটাছিয়াম কম থকা খাদ্যৰ তালিকা।,2,"পটেছিয়াম যুক্ত খাদ্যসমূহৰ ভিতৰত আছে মটৰমাহ, ডাৰ্ক লীফী শাক-পাত, আলু, স্কোৱাশ্ব, দই, মাছ, এভোকাডো, কাঠফুলা আৰু কল। পটেছিয়ামৰ বৰ্তমানৰ দৈনিক মূল্য ৩,৫০০ মিলিগ্ৰাম (মিলিগ্ৰাম)।",0
90836,পটাছিয়াম কম থকা খাদ্যৰ তালিকা।,3,"ইয়াৰ কাৰণ হৈছে বৃক্কই পটাছিয়াম নিয়ন্ত্ৰণ কৰে। যদি সেইবোৰ সঠিকভাৱে কাম নকৰে, তেন্তে পটাছিয়াম শৰীৰৰ পৰা সঠিকভাৱে বাহিৰ হৈ নাযাব পাৰে। পটাছিয়াম বৃদ্ধি কমাবলৈ দীৰ্ঘস্থায়ী বৃক্কৰ ৰোগ থকা ব্যক্তিয়ে দিনে ১,৫০০ ৰ পৰা ২,০০০ মিলিগ্ৰাম (মিলিগ্ৰাম) পৰ্যন্ত কম পটাছিয়াম থকা আহাৰ গ্ৰহণ কৰিব লাগে। ফছফৰাছ, ছ'ডিয়াম আৰু তৰল পদাৰ্থৰ পৰিমাণ সীমিত কৰাটোও বৃক্কৰ ৰোগ থকা লোকৰ বাবে গুৰুত্বপূৰ্ণ হ'ব পাৰে।",0
90836,পটাছিয়াম কম থকা খাদ্যৰ তালিকা।,4,"সকলো খাদ্যৰ অংশবিশেষ চাওক। কফিৰ ক্ষেত্ৰত সাৱধান হওক। নেশ্যনেল কিডনী ফাউণ্ডেশ্যনে পৰামৰ্শ দিয়ে যে যিসকল লোকে তেওঁলোকৰ পটাছিয়াম সীমিত কৰিব লাগে তেওঁলোকে দিনে ১ কাপ কফি খাব লাগে। বৃক্কৰ ৰোগ থকা লোকসকলৰ বাবে এতিয়াও পুষ্টিকৰ, সুস্বাদু, কম পটাছিয়াম থকা বিকল্প প্ৰচুৰ আছে বুলি আৰ্মুলে কয়।",0
90836,পটাছিয়াম কম থকা খাদ্যৰ তালিকা।,5,"পটাশিয়ামৰ খাদ্য উৎস। পটাশিয়ামৰ খাদ্য উৎস প্ৰতি মানক পৰিমাণত মিলিগ্ৰাম অনুসৰি স্থান দিয়া হৈছে, য'ত মানক পৰিমাণত কেলৰি দেখুওৱা হৈছে। (প্ৰাপ্তবয়স্কৰ বাবে এআই হৈছে ৪,৭০০ মিলিগ্ৰাম/দিন পটাশিয়াম।) খাদ্য, মানক পৰিমাণ পটাশিয়াম (মিলিগ্ৰাম) কেলৰি। মিঠা আলু, বেক কৰা, ১ আলু (১৪৬ গ্ৰাম) ৬৯৪ ১৩১। টমেটো পেষ্ট, ১/৪ কাপ ৬৬৪ ৫৪।",0
90836,পটাছিয়াম কম থকা খাদ্যৰ তালিকা।,6,"ডায়েবেটিছ, হৃদৰোগ, উচ্চ কলেষ্টেৰল, ৰক্তাল্পতা, উচ্চ ৰক্তচাপ আৰু কৰ্কট ৰোগৰ দৰে ৰোগ প্ৰতিৰোধৰ বাবে ই গুৰুত্বপূৰ্ণ। খাদ্যৰ সকলো পুষ্টিগত তথ্য মানক তথ্য এছআৰ২২ৰ বাবে ইউ.এছ. কৃষি বিভাগৰ ডাটাবেছৰ ওপৰত আধাৰিত।",0
90836,পটাছিয়াম কম থকা খাদ্যৰ তালিকা।,7,"তলত সাধাৰণভাৱে পৰিবেশন কৰা আকাৰ অনুসৰি পটাছিয়াম যুক্ত খাদ্যৰ এখন তালিকা দিয়া হৈছে, বেছি তথ্যৰ বাবে পুষ্টিৰ ঘনত্ব, পটাছিয়াম সমৃদ্ধ খাদ্য, পটাছিয়াম যুক্ত ফল আৰু পটাছিয়াম যুক্ত শাক-পাচলিৰ তালিকা চাওক।",0
90836,পটাছিয়াম কম থকা খাদ্যৰ তালিকা।,8,"প'টেছিয়াম ডাইট. পৰিচয়. প'টেছিয়াম হৈছে এক খনিজ যি শৰীৰক স্বাভাৱিক কোষ আৰু পেশীৰ কাৰ্যকলাপৰ বাবে প্ৰয়োজন৷ যেতিয়া ৰক্তত প'টেছিয়ামৰ মাত্ৰা বেছি হয়, হৃদয়ৰ সংকোচন প্ৰভাৱিত হ'ব পাৰে। খাদ্য গ্ৰহণ হৈছে শৰীৰৰ বাবে প'টেছিয়ামৰ মুখ্য উৎস। এই খাদ্যই প'টেছিয়াম গ্ৰহণক দিনে ৬০ মিমি অল তকৈ কমলৈ সীমিত কৰে।",0
90836,পটাছিয়াম কম থকা খাদ্যৰ তালিকা।,9,হাই-ফাইবাৰৰ অৰ্থ হৈছে প্ৰতি পৰিমাণত ৫ গ্ৰাম বা তাতকৈ অধিক ফাইবাৰ। এবিধ খাদ্যত কম চেনি (প্ৰাকৃতিক বা যোগ কৰা) প্ৰতি ১০০ গ্ৰাম বা প্ৰতি ১০০ মিলিলিটাৰত ২.৫ গ্ৰাম চেনি থাকিব লাগে। চেনি-মুক্ত মানে হৈছে প্ৰতি ১০০ গ্ৰাম বা প্ৰতি ১০০ মিলিলিটাৰত ০.৫ গ্ৰামতকৈ কম চেনি।,0
55665,কাৰ্গো জাহাজ এখনৰ তল প্ৰথম ভাগ,0,"শ্বিপড মাধ্যমে নিয়মিতভাবে উপস্থিত হোৱা বিশাল সুযোগসমূহৰ সুবিধা লওক। ফ্লেট বটম টেংকাৰৰ উপৰিও আপুনি নদীৰ বাৰ্জ, ফেৰী, টেংকাৰ, ৰাসায়নিক তেলৰ টেংকাৰ বা শুকান কাৰ্গো জাহাজৰ দৰে যিকোনো বস্তু পাব। আমাৰ স্টকত নতুন ফ্লেট বটম টেংকাৰ প্ৰৱেশ কৰাৰ সময়ত প্ৰথমে জানক। আমাৰ মেইলিং তালিকাত নিজকে চাবস্ক্ৰাইব কৰক যাতে আমাৰ নতুন আগমনৰ বিষয়ে আপুনি অৱগত হয়। শ্বিপড ১৯৮৪ চনৰ পৰা আন্তঃৰাষ্ট্ৰীয় জাহাজ ব্যৱসায়ী হিচাপে সক্ৰিয় হৈ আছে, নদী আৰু সাগৰীয় জাহাজ আৰু ইয়টৰ দৰে অন্যান্য সামুদ্ৰিক প্ৰকল্প উভয়ই আগবঢ়াই আহিছে।",0
55665,কাৰ্গো জাহাজ এখনৰ তল প্ৰথম ভাগ,1,বিলগে- জাহাজৰ তল আৰু কাষৰ মাজৰ বাঁকা অংশ; যিটো খালী জাহাজখনৰ পানী পৰিষ্কাৰ কৰা ঠাই। বিলগে ব্লক - নিৰ্মাণ বা ড্ৰাইডকিং কৰাৰ সময়ত সহায়তাৰ বাবে ব্যৱহাৰ কৰা সমৰ্থনকাৰী ব্লক। বিলগে ব্লক যি এটা ড্ৰাইডকত এখন জাহাজক সমৰ্থন কৰে।,0
55665,কাৰ্গো জাহাজ এখনৰ তল প্ৰথম ভাগ,2,স্মিথছ’নিয়ান ডাইভাৰসকলে জীৱবিজ্ঞানীৰ আক্ৰমণৰ বাবে এখন বিশাল কাৰ্গো জাহাজৰ পাত্ৰটো অন্বেষণ কৰে যিয়ে জাহাজখনৰ পাত্ৰত উঠি থকা জীৱবিজ্ঞানীৰ আক্ৰমণ কৰে। বায়’ফিল্ম হৈছে অণুজীৱ যিয়ে জাহাজখনৰ পাত্ৰৰ ওপৰত স্তৰত জমা হয়।,0
55665,কাৰ্গো জাহাজ এখনৰ তল প্ৰথম ভাগ,3,স্মিথছ’নিয়ান ডাইভাৰসকলে জীৱ-জন্তুৰ জৈৱিক আক্ৰমণৰ বাবে এখন বিশাল কাৰ্গো জাহাজৰ পাত্ৰটো অন্বেষণ কৰে যিয়ে জাহাজখনৰ পাত্ৰত উঠি থাকে (ল’ৰী পেনলেণ্ডৰ ফটোগ্ৰাফ) বায়’ফিল্ম হৈছে সেই অণুজীৱ যিয়ে জাহাজখনৰ পাত্ৰৰ ওপৰত স্তৰত জমা হয়।,0
55665,কাৰ্গো জাহাজ এখনৰ তল প্ৰথম ভাগ,4,স্মিথছ’নিয়ান ফটোগ্ৰাফাৰ ল’ৰি পেনলেণ্ডে নাওখনৰ খোলাটোৰ পৰা আক্ৰমণাত্মক প্ৰজাতিবোৰ আঁতৰোৱাৰ ক্লান্তিকৰ কিন্তু পুৰস্কৃত কামৰ বিৱৰণ দিছে। ডাইভাৰসকলে সাঁতোৰৰ সময়ত জলত উঠা বুদবুদবোৰ জাহাজখনৰ পেটত জমা হয়। মই আকৌ মোৰ চিনাকি পৃথিৱীখন এৰি তলৰ অতল গভীৰতালৈ নামি আহিছোঁ।,0
55665,কাৰ্গো জাহাজ এখনৰ তল প্ৰথম ভাগ,5,জাহাজখনৰ ধনুকত থকা পানীৰ পৃষ্ঠৰ পৰা নামি অহাৰ লগে লগে মোৰ সন্মুখত এটা ডাঙৰ খহটা গাঁত মুকলি হৈ পৰে আৰু ইয়াৰ বিশাল প্ৰপেলাৰবোৰ দেখা পোৱা যায়। সুৰংগটোৰ ভিতৰত থকা ধনুকৰ থ্ৰাষ্টাৰবোৰ ভালদৰে দেখা পাবলৈ মই গ্ৰেটৰ ওচৰলৈ সাঁতুৰি যাওঁ।,0
55665,কাৰ্গো জাহাজ এখনৰ তল প্ৰথম ভাগ,6,প্ৰৱেশ গাঁত---- জাহাজৰ গঠনত কাটি উলিওৱা গাঁত যাতে বিভিন্ন কক্ষত প্ৰৱেশ বা প্ৰস্থান কৰিব পাৰি। থাকিবলৈ মই বা এটা ঘাটৰ পৰা ওপৰলৈ উঠা মানুহক থাকিবলৈ এটা জাহাজৰ কাষত থকা সিঁড়িৰ এটা বহনযোগ্য সেট।,0
55665,কাৰ্গো জাহাজ এখনৰ তল প্ৰথম ভাগ,7,"শ্বিপডৰ জৰিয়তে নিয়মীয়াকৈ দেখা দিয়া ভাল সুযোগসমূহৰ সুবিধা লওক। ফ্লেট বটম টেংকাৰৰ উপৰিও আপুনি নদীৰ বাৰ্জ, ফেৰী, টেংকাৰ, ৰাসায়নিক তেলৰ টেংকাৰ বা শুকান কাৰ্গো জাহাজৰ দৰে যিকোনো বস্তু বিচাৰি পাব। আমাৰ মজুতত নতুন ফ্লেট বটম টেংকাৰ প্ৰৱেশ কৰাৰ সময়ত প্ৰথমে জানক।",0
55665,কাৰ্গো জাহাজ এখনৰ তল প্ৰথম ভাগ,8,"যেতিয়া মই এখন বিশাল কাৰ্গো জাহাজৰ পেটৰ তলত ডুব যাওঁ, মই মোৰ হাতখন জাহাজখনৰ কাষত লৈ গলি যাওঁ। এই ৰং কৰা ধাতুখন মসৃণ ছালৰ দৰে লাগে, কিন্তু ইয়াক মৃদু বাদামী ৰঙৰ জৈৱপটিৰ এটা পাতল আৱৰণেৰে আবৃত কৰি ৰাখে, যি সাধাৰণতে জাহাজৰ তলত পোৱা যায়।",0
55665,কাৰ্গো জাহাজ এখনৰ তল প্ৰথম ভাগ,9,মধ্যবিন্দু অংশত বা জাহাজটোৰ মধ্যবিন্দু অংশৰ ওচৰত নোঙৰ: এটা ভাৰী হুক-আকৃতিৰ যন্ত্ৰ যাৰ সহায়ত জাহাজখন পানীত স্থিৰ হৈ থাকে। নোঙৰটো সাগৰৰ তলত ধৰি ৰাখে আৰু এডাল শৃংখলেৰে জাহাজখনত বান্ধি ৰাখে। কোণ ক্লিপ: এডাল চুটি কোণ বাৰ। কোণ কলাৰ: কোণ বাৰেৰে তৈয়াৰ কৰা এটা আংটি। এনিয়েল: ধাতুক গৰম কৰি আৰু ধীৰে ধীৰে ঠাণ্ডা কৰি নৰম কৰা।,0
205107,সততা বা সততার সংজ্ঞা,0,"সততা হৈছে আচৰণৰ বিষয়ে; সততা হৈছে তথ্যসমূহৰ প্ৰতি আনুগত্যৰ বিষয়ে। যিজন ব্যক্তিয়ে প্ৰতি সপ্তাহত তেওঁৰ টাইমশ্বীট নিঃসন্দেহে জমা দিয়ে, কিছু সময় কেনেকৈ ল’ব লাগে সেই বিষয়ে নিশ্চিত নহ’লে স্পষ্টীকৰণ বিচাৰি, তেওঁ সততাৰে কাম কৰি আছে। তেওঁ সম্ভৱতঃ সততাৰেও কাম কৰি আছে, তেওঁ প্ৰতিবেদন কৰা সংখ্যাবোৰ সঠিক তাৰ নিশ্চিতি দি আছে।",0
205107,সততা বা সততার সংজ্ঞা,1,"১ তেওঁৰ সততাক প্ৰশংসা কৰা উচিত। ২ আৰু কাহিনীটোৰ নৈতিকতা হৈছে যে সততা সদায় সৰ্বোত্তম নীতি। ৩ মোৰ তেওঁৰ সততাক সন্দেহ কৰাৰ কোনো কাৰণ নাই, ইয়াৰ কাৰণ হৈছে মই বুজি নাপাও যে ইয়াক কেনেকৈ ঘটিল।",0
205107,সততা বা সততার সংজ্ঞা,2,"সততা. এন, প্ল-টাইজ। ১. সৎ হোৱাৰ অৱস্থা। ২. আন্তৰিকতা বা নিৰপেক্ষতা। ৩. গুণ বা সন্মান।",1
205107,সততা বা সততার সংজ্ঞা,3,"আৰু কাহিনীটোৰ নৈতিকতা হৈছে যে সততা সদায় সৰ্বোত্তম নীতি। ২ মোৰ তাইৰ সততাক সন্দেহ কৰাৰ কোনো কাৰণ নাই, ইয়াৰ কাৰণ মাত্ৰ মই বুজি নাপাও যে ইয়াক কেনেকৈ ঘটিল। ৩ মই কাকো আঘাত কৰিব নিবিচাৰো, কিন্তু সততাৰ সৈতে, মোৰ কিছু সমালোচনা কৰাৰ আছে।",0
205107,সততা বা সততার সংজ্ঞা,4,"সেয়েহে, কিছুমান ক্ষেত্ৰত এটা বগা মিছা কথা হৈছে সততাৰ ফলাফল। সততা হৈছে সততাৰ লগতে সম্পৰ্কিত বা অতিৰিক্ত এজন ব্যক্তিৰ মূল্য আৰু নৈতিকতা। সততা হৈছে স্পষ্টতা আৰু আনজনে কোৱাৰ দৰে, তথ্যৰ প্ৰতি অনুগত হোৱা।",1
205107,সততা বা সততার সংজ্ঞা,5,"সততা সম্পৰ্কীয় ৱিকিপিডিয়া পৃষ্ঠাটো ইয়াত উপযোগী। ইয়াত এই শব্দটোক এনেদৰে সংজ্ঞায়িত কৰা হৈছে: কাৰ্য্য, মূল্য, পদ্ধতি, পৰিমাপ, নীতি, প্ৰত্যাশা আৰু ফলাফলৰ সামঞ্জস্যৰ এক ধাৰণা। নৈতিকতাত সততাক এজন ব্যক্তিৰ কাৰ্য্যৰ সততা আৰু সত্যতা বা নিৰ্ভুলতা হিচাপে গণ্য কৰা হয়।",0
205107,সততা বা সততার সংজ্ঞা,6,"১. তেওঁ নিষ্ঠাৰে কথা কৈছিল - মই চাকৰিৰ বাবে বহুত বুঢ়া আছিলো। ২. তেওঁৰ নিষ্ঠাৰ বাবে তেওঁক প্ৰশংসা কৰা উচিত। ৩. আৰু কাহিনীটোৰ নৈতিকতা হৈছে যে নিষ্ঠা সদায় সৰ্বোত্তম নীতি। ৪. মোৰ তেওঁৰ নিষ্ঠাৰ ওপৰ সন্দেহ কৰাৰ কোনো কাৰণ নাই, কাৰণ মই বুজি নাপাও যে এইটো কেনেকৈ ঘটিল।",0
205107,সততা বা সততার সংজ্ঞা,7,সততা বিশেষ্য [ইউ]। বি২ সততাৰ গুণমান: মই তোমাৰ সততাক প্ৰশংসা কৰোঁ। মই তোমাক সম্পূৰ্ণ সততাৰে (সত্যভাৱে আৰু কিছুই লুকুৱাই ৰাখি) ক'ব লাগিব যে প্ৰস্তাৱটো অনুমোদিত হোৱাৰ সম্ভাৱনা কম। আৰু উদাহৰণ। ১ তাই নিষ্ঠুৰভাৱে কথা কৈছিল-মই চাকৰিৰ বাবে বহুত বুঢ়া আছিলোঁ। ২ তেওঁৰ সততাৰ বাবে তেওঁক প্ৰশংসা কৰা উচিত।,0
205107,সততা বা সততার সংজ্ঞা,8,"সততাৰ গুণমান: সততা, সন্মান, অপৰিবৰ্তনীয়তা, সততা, অপৰিবর্তনীয়তা।",0
205107,সততা বা সততার সংজ্ঞা,9,১ সততা হল একটি ভাৰী তৰোৱাল ঘূৰ্ণায়মান কৰাৰ এক বাধ্যবাধকতা যেনে প্ৰেম - মাৰ্জ পিয়াৰ্চি। ২ সততা একটি বৰফৰ টুকুৰাৰ দৰে; যদি এবাৰ ই গলে তেন্তে ইয়াৰ অন্ত পৰে - এনন। ৩ একটি ভাস্কৰ্য হিচাপে অপৰিবৰ্তনীয় - জিন গেৰিগ। ৪ একটি গৰু হিচাপে আইন মানি চলা - জি।,0
1060386,লিংকন নিউত এতিয়া বেৰ'মেট্ৰিক চাপ কিমান?,0,"যেতিয়া বায়ুৰ চাপ বৃদ্ধি পায়, ই পাৰা উচ্চতালৈ ঠেলি দিয়ে। যেতিয়া বায়ুৰ চাপ হ্ৰাস পায়, তেতিয়া পাৰাৰ স্তৰও হ্ৰাস পায়। বায়ুমণ্ডলীয় চাপ মিলিবাৰ (এমবি)ত পৰিমাপ কৰিব পাৰি, য'ত এটা বাৰ প্ৰায় এক বায়ুমণ্ডলীয় চাপৰ সমান (এক বায়ুমণ্ডলীয় চাপ ১.০১৩২৫ বাৰৰ সমান)। এক বাৰ হৈছে ২৯.৬ ইঞ্চি সমান। এক বেৰোমিটাৰৰ পঠন ৩০ ইঞ্চি (এইচজি) স্বাভাৱিক বুলি বিবেচিত হয়।",0
1060386,লিংকন নিউত এতিয়া বেৰ'মেট্ৰিক চাপ কিমান?,1,"তৃতীয়টো হৈছে নেব্ৰাস্কাৰ লিংকনৰ ওচৰৰ ব্লাফ ৰোড লেণ্ডফিলত আমি পৰিমাপ কৰা মিথেন নিৰ্গমন; চতুৰ্থটো হৈছে কিছুমান ফলাফল উপস্থাপন কৰা, আৰু চাপ সলনি কৰিলে মিথেন নিৰ্গমন কেনেকৈ নিয়ন্ত্ৰণ কৰে তা দেখুৱাবলৈ; আৰু শেষত আমাৰ ফলাফলৰ কিছুমান প্রভাৱ আলোচনা কৰিম।",0
1060386,লিংকন নিউত এতিয়া বেৰ'মেট্ৰিক চাপ কিমান?,2,"লিউকাং জু, জিয়াওমাও লিন, জিম আমেন, ডেইল মেকডাৰমিট এলআই-চিঅ'আৰ বায়োচায়েন্সেছ, লিংকন এনই 68504 ইউএছএ। কাৰ্লা ৱেল্ডিং। লিংকন এনই 68517 ইউএছএ। বেৰোমেট্ৰিক চাপৰ পৰিৱৰ্তনৰ প্ৰভাৱ লেণ্ডফিল মিথেন নিৰ্গমনৰ ওপৰত",0
1060386,লিংকন নিউত এতিয়া বেৰ'মেট্ৰিক চাপ কিমান?,3,"ওমাহা, এনই বৰ্তমানৰ স্থানীয় বতৰৰ পৰিস্থিতি, ৫-দিনৰ পূৰ্বাভাস আৰু লাইভ যান-জঁটৰ আপডেট। ওমাহা ৰিপৰ্টত বিশদ বতৰৰ সাৰাংশ অন্তৰ্ভুক্ত কৰা হৈছে।",0
1060386,লিংকন নিউত এতিয়া বেৰ'মেট্ৰিক চাপ কিমান?,4,"ধন্যবাদ, এশ্লী, আৰু মই দুবছৰ আগতে আমি পোৱা গৱেষণাৰ ফলাফলসমূহ আলোচনা কৰিবলৈ ইয়াত থাকি আনন্দিত; আৰু, মোৰ ৱেবিনাৰৰ শিৰোনাম হৈছে: ""লেণ্ডফিল মিথেনৰ ওপৰত বেৰ'মেট্ৰিক চাপ সলনি কৰাৰ প্ৰভাৱ। নিৰ্গমন""। আৰু, মই মোৰ সহকৰ্মীসকলক ধন্যবাদ জনাব বিচাৰোঁ: জিম আমেন, জিয়াওমাও লিন, আৰু, কাৰ্লা। ৱেল্ডিং, তেওঁ লিংকন, নেব্ৰাস্কাৰ লেণ্ডফিলত চুপাৰিণ্টেণ্ডেণ্ট।",0
1060386,লিংকন নিউত এতিয়া বেৰ'মেট্ৰিক চাপ কিমান?,5,"বায়ুমণ্ডলীয় চাপ, যাক কেতিয়াবা বেৰ'মেট্ৰিক চাপ বুলিও কোৱা হয়, পৃথিৱীৰ বায়ুমণ্ডলৰ ভিতৰৰ চাপ (বা আন এটা গ্ৰহৰ)। বেছিভাগ পৰিস্থিতিতে বায়ুমণ্ডলীয় চাপ পৰিমাপ কৰা বিন্দুৰ ওপৰত বায়ুৰ ওজনৰ ফলত হোৱা হাইড্ৰ'ষ্টেটিক চাপৰ দ্বাৰা ওচৰে-ওচৰে আনুমানিক হয়।",0
1060386,লিংকন নিউত এতিয়া বেৰ'মেট্ৰিক চাপ কিমান?,6,আঞ্চলিক বৰ্তমান বেৰ'মেট্ৰিক চাপ মানচিত্ৰ: আলাবামা আলাস্কা আৰিজোনা আৰ্কানছাছ কেলিফৰ্ণিয়া কলৰাডো কানেক্টিকাট ডেলাৱেৰ ফ্ল'ৰিডা জৰ্জিয়া হাৱাই আইডাহো ইলিনয় কানছাছ কেন্টাকি লুইজিয়ানা মেইন মেৰিলেণ্ড মেছাচুছেটছ মিনেছোটা মিছিছিপি মন্টানা নেভাডা নিউ হেম্পশায়াৰ নিউ জাৰ্চি নিউ মেক্সিকো নিউ ইয়ৰ্ক নৰ্থ কেৰোলিনা নৰ্থ ডাকোটা ওহাইঅ' অৰেগন।,0
1060386,লিংকন নিউত এতিয়া বেৰ'মেট্ৰিক চাপ কিমান?,7,"২০১৭ চনৰ দক্ষিণ-পূব লিংকন বতৰ | বতৰ-প্রদর্শন (১০.৩৭S-(b56)) | বৈধ XHTML ১.০ | বৈধ CSS। এই ৱেবছাইটটি নেশ্যনেল ৱেদাৰ ছাৰ্ভিচ বা অন্য কোনো চৰকাৰী সংস্থাৰ সৈতে সংযুক্ত বা অনুমোদিত নহয়। ইয়াত থকা বতৰৰ তথ্য কোনো ওয়াৰেণ্টি বা বোঝাই নহয়, আৰু ইয়াৰ উদ্দেশ্য হৈছে কেৱল আনুষ্ঠানিক NWS বতৰৰ পূৰ্বাভাস আৰু তথ্যৰ পৰিপূৰক হিচাপে ব্যৱহাৰ কৰা, প্ৰতিস্থাপন কৰা নহয়।",0
1060386,লিংকন নিউত এতিয়া বেৰ'মেট্ৰিক চাপ কিমান?,8,বেৰ'মেট্ৰিক চাপৰ পৰিবৰ্তনৰ সময়ত ৪ উৎসৰণ • বৃদ্ধি পাই থকা চাপে উৎসৰণক দমন কৰে • হ্ৰাস পাই থকা চাপে উৎসৰণক বৃদ্ধি কৰে ২. বেৰ'মেট্ৰিক চাপৰ পৰিবৰ্তনৰ ফলত মিথেন উৎসৰণৰ দৈনন্দিন পৰিবৰ্তন বৃহৎ। ৩. লেণ্ডফিলৰ মুঠ মিথেন উৎসৰণ পাবলৈ অবিৰত পৰিমাপ কৰা আৱশ্যক। ৪.,0
1060386,লিংকন নিউত এতিয়া বেৰ'মেট্ৰিক চাপ কিমান?,9,2018 চনৰ দক্ষিণ-পূব লিংকন বতৰ | বতৰ-প্ৰদৰ্শন (10.37S-(b66)) | বৈধ XHTML 1.0 | বৈধ চিএছএছ এই ৱেবছাইটটো নেশ্যনেল ৱেদাৰ ছাৰ্ভিচ বা অন্য কোনো চৰকাৰী সংস্থাৰ সৈতে সংযুক্ত বা অনুমোদিত নহয়।,0
1090356,ষ্ট্ৰুথাৰ্ছ চিটি স্কুল জিলা ৰাজ্যিক নম্বৰ,0,"সংৰক্ষিত বিদ্যালয়: ১ ষ্ট্ৰুথাৰ্ছ প্ৰাথমিক বিদ্যালয়ে পিকে-৪ শ্ৰেণীৰ ৬৯৭ জন ছাত্ৰ-ছাত্ৰীক সেৱা আগবঢ়ায়। ২ সংখ্যালঘু নামভৰ্তি হৈছে ছাত্ৰ-ছাত্ৰীৰ মুঠ সংখ্যাৰ ২০%, যি ৰাজ্যিক গড় ২৮%তকৈ কম। ৩ ষ্ট্ৰুথাৰ্ছ প্ৰাথমিক বিদ্যালয় ষ্ট্ৰুথাৰ্ছ চিটি স্কুল জিলাৰ ভিতৰত পৰিচালিত হয়। বিদ্যালয়ৰ সাধাৰণ ধাৰণা: পাঁচ বছৰত ৬৯৭ জন ছাত্ৰ-ছাত্ৰীৰ সংখ্যা তুলনামূলকভাৱে স্থিৰ হৈ আছে।",0
1090356,ষ্ট্ৰুথাৰ্ছ চিটি স্কুল জিলা ৰাজ্যিক নম্বৰ,1,"ষ্ট্ৰুথাৰ্ছ হাইস্কুল ছিনিয়ৰছ - নতুন ৮,০০০ ডলাৰৰ বৃত্তিৰ বাবে আবেদন কৰক ষ্ট্ৰুথাৰ্ছ হাইস্কুলৰ নিৰ্দেশনা বিভাগে এজন স্নাতক হোৱা জ্যেষ্ঠ ছাত্ৰৰ বাবে ৮,০০০ ডলাৰৰ এক নতুন বৃত্তিৰ কথা ঘোষণা কৰিছে। অটিছ আৰ. হেল্ডমেন ছিনিয়ৰ আৰু জুনিয়ৰ স্কলাৰ-এথলীট বঁটা আৰু বৃত্তিয়ে চাৰি বছৰৰ ভিতৰত শৈক্ষিক আৰু ক্ৰীড়া দুয়োটাতে কৃতিত্বক স্বীকৃতি দিয়ে।",0
1090356,ষ্ট্ৰুথাৰ্ছ চিটি স্কুল জিলা ৰাজ্যিক নম্বৰ,2,ষ্ট্ৰুথাৰ্ছ হাইস্কুল হল অৱ ফেম উইকেণ্ড। ১ ভিন্স কেচি - ১৯৭৪ শ্ৰেণী - বেছবল। ২ কেথি প্ৰেষ্ট - ১৯৭৭ শ্ৰেণী - বাস্কেটবল। ৩ জন মিকুলাছ - ১৯৯২ শ্ৰেণী - ফুটবল এণ্ড বেছবল। ৪ টিনা পালুম্বো - ২০০১ শ্ৰেণী - ছফ্টবল। ৫ জেকুই ট্ৰেভিছ - ২০০৩ শ্ৰেণী - ট্ৰেক এণ্ড ফিল্ড। ৬ ২০০৪ পুৰুষৰ ৪x১০০ ৰিলে দল: টাই কেম্পানা - ২০০৫ শ্ৰেণী।,0
1090356,ষ্ট্ৰুথাৰ্ছ চিটি স্কুল জিলা ৰাজ্যিক নম্বৰ,3,ইয়ংষ্টাউন ষ্টেট ইউনিভাৰ্চিটিৰ বাৰ্ষিক প্ৰেছ দিৱসত ১৫ মে'ত শ্ৰেষ্ঠ বাতৰি কাকতৰ বঁটা লাভ কৰাৰ বাবে ষ্ট্ৰুথাৰ্ছ হাইস্কুলৰ বাতৰি কাকত দ্য ষ্টুডেণ্ট প্ৰিণ্টছক অভিনন্দন জনাইছোঁ! প্ৰায় ৩৫ জন এছএইচএছ ছাত্ৰ-ছাত্ৰীৰ লগতে শিক্ষক ষ্টেফানি মুণ্টেনেও প্ৰেছ দিৱসত অংশগ্ৰহণ কৰিছিল।,0
1090356,ষ্ট্ৰুথাৰ্ছ চিটি স্কুল জিলা ৰাজ্যিক নম্বৰ,4,"ষ্ট্ৰুথাৰ্ছ হাইস্কুল আৰু ইয়াৰ ৫৬৭ গৰাকী শিক্ষাৰ্থীৰ বিষয়ে সকলো তথ্য আৱিষ্কাৰ কৰক, যাৰ ভিতৰত আছে ৮টা ৰেটিং আৰু পৰ্যালোচনা; পৰীক্ষাৰ স্ক'ৰ আৰু ওচৰৰ ঘৰবোৰ চাওক।",0
1090356,ষ্ট্ৰুথাৰ্ছ চিটি স্কুল জিলা ৰাজ্যিক নম্বৰ,5,"ষ্ট্ৰুথাৰ্ছ চিটি স্কুল জিলাৰ ছাত্ৰ-ছাত্ৰীৰ জনসংখ্যা ১,৯২৩ জন ছাত্ৰ-ছাত্ৰী হৈ পাঁচ বছৰ ধৰি তুলনামূলকভাৱে স্থিৰ হৈ আছে। এই জিলাৰ ৰাজহ/ছাত্ৰ-ছাত্ৰীৰ সংখ্যা ১২,৮২৪ ডলাৰ ৰাজ্যিক গড়তকৈ কম। চাৰি বছৰত ৰাজহ/ছাত্ৰ-ছাত্ৰীৰ সংখ্যা ১৬% বৃদ্ধি পাইছে।",0
1090356,ষ্ট্ৰুথাৰ্ছ চিটি স্কুল জিলা ৰাজ্যিক নম্বৰ,6,অহাইঅ'ৰ ইয়ংষ্টাউনৰ ষ্ট্ৰুথাৰ্ছ হাইস্কুলক ২০০৪-২০০৫ শিক্ষাবৰ্ষৰ বাবে পঢ়া আৰু গণিতৰ বিদ্যালয় হিচাপে স্কুল অৱ প্ৰমিছ হিচাপে নিৰ্বাচিত কৰা হৈছিল। টেবুল ১-এ ষ্ট্ৰুথাৰ্ছ হাইস্কুল আৰু ষ্ট্ৰুথাৰ্ছ চিটি স্কুল জিলাৰ বৈশিষ্ট্যসমূহৰ সাৰাংশ দিয়ে।,0
1090356,ষ্ট্ৰুথাৰ্ছ চিটি স্কুল জিলা ৰাজ্যিক নম্বৰ,7,"ষ্ট্ৰুথাৰ্ছ চিটি স্কুল ডিষ্ট্ৰিক্ট পূব অহাইঅ'ত অৱস্থিত। ষ্ট্ৰুথাৰ্ছ চিটি স্কুল ডিষ্ট্ৰিক্টৰ ৫.১৯ বৰ্গ মাইল ভূমি আৰু ০.১৯ বৰ্গ মাইল পানীৰ ক্ষেত্ৰফল আছে। ২০১০-২০১৪ চনলৈকে ষ্ট্ৰুথাৰ্ছ চিটি স্কুল ডিষ্ট্ৰিক্টৰ মুঠ জনসংখ্যা ১১,৫৩৩। ২০১০-২০১৪ চনত ষ্ট্ৰুথাৰ্ছ চিটি স্কুল ডিষ্ট্ৰিক্টৰ মধ্যম পৰিয়ালৰ আয় হৈছে ৩৭,৪৬০ ডলাৰ। ২০১০-২০১৪ চনত ষ্ট্ৰুথাৰ্ছ চিটি স্কুল ডিষ্ট্ৰিক্টৰ মধ্যম ঘৰৰ মূল্য হৈছে ৭২,৯০০ ডলাৰ। গড়ে ষ্ট্ৰুথাৰ্ছ চিটি স্কুল ডিষ্ট্ৰিক্ট ৰাজ্যিক গড়ৰ ওচৰা-ওচৰি।",0
1090356,ষ্ট্ৰুথাৰ্ছ চিটি স্কুল জিলা ৰাজ্যিক নম্বৰ,8,"ষ্ট্ৰুথাৰ্ছ চিটি স্কুল ডিষ্ট্ৰিক্ট হৈছে অহাইঅ'ৰ ষ্ট্ৰুথাৰ্ছত অৱস্থিত এখন প্ৰাথমিক আৰু মাধ্যমিক বিদ্যালয়। ফোন নম্বৰ, ৱেবছাইট, কৰ্মচাৰী, সামগ্ৰী, ৰাজহ আদি চাওক।",0
1090356,ষ্ট্ৰুথাৰ্ছ চিটি স্কুল জিলা ৰাজ্যিক নম্বৰ,9,"ষ্ট্ৰুথাৰ্ছ, ওএইচ ষ্ট্ৰুথাৰ্ছ চিটি স্কুল ডিষ্ট্ৰিক্ট। প্ৰায় সন্ধান ফলাফল। ৱাইপি - দ্য ৰিয়েল ইয়েলো পেজেছএছএম - আপোনাৰ নিৰ্দিষ্ট প্ৰয়োজনীয়তা পূৰণ কৰিবলৈ সঠিক স্থানীয় ব্যৱসায় বিচাৰি পাবলৈ আপোনাক সহায় কৰে। সন্ধান ফলাফলসমূহ একত্ৰিত কাৰকৰ দ্বাৰা সজাই তোলা হয় যাতে আপোনাৰ সন্ধানৰ মানদণ্ডৰ প্ৰতি সঁহাৰি হিচাপে আপোনাক বিকল্পৰ এটা সমষ্টি দিয়া হয়।",0
168868,চিকিৎসা সংক্ৰান্ত গাঁজাই মন্ত্ৰসমূহৰ সৈতে সহায় কৰে নেকি?,0,অন্টাৰিঅ' কানাডাৰ নতুন গৱেষণাই পোষ্ট ট্ৰমাটিক ষ্ট্ৰেছ ডিজৰ্ডাৰত আক্ৰান্তসকলক কেনেকৈ গাঁজাৰ সহায় কৰে সেই সম্পৰ্কে কিছুমান আকৰ্ষণীয় তথ্য উদ্ধাৰ কৰিছে। এই শেহতীয়া অগ্ৰগতিয়ে ব্যাখ্যা কৰে যে কিয় আমেৰিকা যুক্তৰাষ্ট্ৰৰ বহুতো প্ৰবীণ লোকে তেওঁলোকৰ মানসিক ঔষধ ত্যাগ কৰি গাঁজালৈ সলনি কৰিছে।,0
168868,চিকিৎসা সংক্ৰান্ত গাঁজাই মন্ত্ৰসমূহৰ সৈতে সহায় কৰে নেকি?,1,চিকিৎসা গাঁজা গৱেষণা পত্র ১ জানুৱাৰী ২০১৪ তাৰিখে আৰম্ভ হৈছিল যে চিকিৎসা গাঁজা কাৰ্যসূচীটো অন্য নটা যোগ্য চিকিৎসা অৱস্থাত যোগ কৰা হ'ব যি স্বাস্থ্য কৰ্তৃপক্ষই কোনো ব্যক্তিক চিকিৎসা গাঁজা কাৰ্ড পাবলৈ অনুমতি দিব পাৰে কিন্তু প্রশ্ন উদ্ভৱ হয় যে গাঁজাই প্ৰকৃততে ইয়াত যে রোগীসকলক সহায় কৰে যিসকলে ইয়াত যোগ্যতা অৰ্জন কৰিছে তেওঁলোকে কিছু প্ৰমাণ পাব পাৰে যে গাঁজা ব্যৱহাৰ আৰু ইয়াৰ লক্ষণসমূহৰ উপশমৰ মাজত সম্পৰ্ক অধ্যয়ন কৰিবলৈ বৰ্তমানে চিকিৎসা অধ্যয়ন চলি আছে।,0
168868,চিকিৎসা সংক্ৰান্ত গাঁজাই মন্ত্ৰসমূহৰ সৈতে সহায় কৰে নেকি?,2,পইণ্টড আৰু চিকিৎসা গাঁজাৰ সংযোগৰ বাবে ৰাজনৈতিক গতি ২৩খন ৰাজ্যৰ বৃদ্ধি হৈছে যিয়ে এতিয়া চিকিৎসা গাঁজাৰ অনুমতি দিয়ে যাৰ ভিতৰত নটছড এটা যোগ্যতা অৰ্জন কৰা অৱস্থা হিচাপে আৰু আন তিনিটা ৰাজ্যত চিকিৎসা গাঁজা পইণ্টছড বা অন্যান্য ৰোগৰ বাবে সুপাৰিশ কৰাৰ বিস্তৃত বিচক্ষণতা চিকিৎসকসকলৰ আছে।,0
168868,চিকিৎসা সংক্ৰান্ত গাঁজাই মন্ত্ৰসমূহৰ সৈতে সহায় কৰে নেকি?,3,"সমস্যাটোৰ এটা অংশ হৈছে যে মেডিকেল মাৰিজুৱানাৰ অৱস্থাত পিটিএছডি অনন্য কাৰণ ই এটা মানসিক ৰোগ নহয়, এটা শাৰীৰিক ৰোগ নহয়, মেডিকেল মাৰিজুৱানাৰ সৈতে পিটিএছডিৰ সমস্যাটো হৈছে ই প্ৰথম মানসিক অৱস্থা যাক প্ৰথম বিবেচনা কৰা হয় বুলি ভেটছ ৪ ফ্ৰীডমছ নামৰ সংস্থাৰ প্ৰতিষ্ঠাপক জন ইভান্সে কয়।",0
168868,চিকিৎসা সংক্ৰান্ত গাঁজাই মন্ত্ৰসমূহৰ সৈতে সহায় কৰে নেকি?,4,"যদিও পণ্ডিতসকলৰ চিকিৎসাৰ বাবে গাঁজা ভিত্তিক ঔষধসমূহে এফডিএ অনুমোদন লাভ কৰিবলৈ চিকিৎসা পৰীক্ষাৰ বাবে অধিক সময় অপেক্ষা কৰিব লাগিব, এফডিএ অবিহনেও চিকিৎসাৰ বাবে সাধাৰণ গাঁজা যথেষ্ট তাৰ প্ৰমাণ বৃদ্ধি পোৱাটোৱে চিকিৎসক আৰু মনোৰোগ বিশেষজ্ঞসকলক নিঃশব্দে গাঁজা পৰামৰ্শ দিবলৈ পতিয়ন নিব।",0
168868,চিকিৎসা সংক্ৰান্ত গাঁজাই মন্ত্ৰসমূহৰ সৈতে সহায় কৰে নেকি?,5,ছিজলীৰ বিৰুদ্ধে গোচৰ দাখিল কৰা হৈছে যে ছিজলীৰ পুৰণি সমৰ অভিজ্ঞসকলে ঔষধি হিচাপে গাঁজা ব্যৱহাৰ কৰিছিল কিন্তু দীৰ্ঘদিন ধৰি সৈনিকসকলৰ মাজত গাঁজাৰ ব্যৱহাৰক আমেৰিকাৰ সৰ্বশ্ৰেষ্ঠ বিপদজনক নিচৰ পতনৰ উদাহৰণ হিচাপে দেখা গৈছিল।,0
168868,চিকিৎসা সংক্ৰান্ত গাঁজাই মন্ত্ৰসমূহৰ সৈতে সহায় কৰে নেকি?,6,ছিজলীয়ে প্ৰথম আৰু একমাত্ৰ এফডিএ অনুমোদিত প্ৰশ্নটোৰ উত্তৰ দিয়াত সহায় কৰাৰ লক্ষ্য ৰাখিছে যে তেওঁ বহু বছৰ ধৰি প্ৰশ্নটোৰ উত্তৰ দিবলৈ যুঁজি আছে যে তেওঁ এতিয়া সদায় ফোন কল পাই আছে কিন্তু ঔষধবোৰে মোক ভয়ংকৰ অনুভৱ কৰাইছে।,0
168868,চিকিৎসা সংক্ৰান্ত গাঁজাই মন্ত্ৰসমূহৰ সৈতে সহায় কৰে নেকি?,7,কিন্তু বহুতো আইনী পৰিসীমাত গাঁজা এতিয়াও কলৰাডোত এক ৰাজনৈতিক বিতৰ্কৰ বিষয় হৈ আছে য'ত বিশ্বৰ কিছুমান উদাৰ গাঁজা আইন এতিয়াও চিকিৎসা গাঁজা পোৱাৰ বাবে যোগ্যতা অৰ্জনৰ চৰ্ত হিচাপে গণ্য কৰা নহয়।,0
168868,চিকিৎসা সংক্ৰান্ত গাঁজাই মন্ত্ৰসমূহৰ সৈতে সহায় কৰে নেকি?,8,গাঁজাৰ ফলপ্ৰসূতা বিষয়ক প্ৰথম বৃহৎ পৰিসৰৰ অধ্যয়নসমূহৰ ভিতৰত এটা হ’ব ক’লৰাডো চিকিৎসা গাঁজা বৈজ্ঞানিক উপদেষ্টা পৰিষদৰ পৰা ২ নিযুত ডলাৰৰ অনুদানৰ দ্বাৰা পৃষ্ঠপোষিত ছিছলিৰ।,0
168868,চিকিৎসা সংক্ৰান্ত গাঁজাই মন্ত্ৰসমূহৰ সৈতে সহায় কৰে নেকি?,9,জ্যেষ্ঠ সম্পাদক জনা ৰিজো মাৰিজুৱানা আৰু প্ৰবীণ বিষয়াসকলৰ চিকিৎসা প্ৰতিষ্ঠানৰ সম্পৰ্ক একফালে জটিল আৰু আনফালে ২৩খন ৰাজ্য আৰু কলম্বিয়া জিলাৰ মতে মাৰিজুৱানা চিকিৎসা ব্যৱহাৰৰ বাবে বৈধ আৰু প্ৰবীণসকলে ইয়াৰ বাবে তেওঁলোকৰ যুদ্ধোত্তৰ লক্ষণসমূহৰ বাবে দাবী কৰি আছে। মাৰিজুৱানাক চৰকাৰী ব্যৱস্থাৰ অধীনত হেৰ'ইনৰ দৰে একেই তালিকাভুক্ত ড্ৰাগ হিচাপে শ্ৰেণীবদ্ধ কৰা হৈছে আৰু ইয়াক ব্যৱহাৰ কৰা প্ৰবীণসকল মধ্যবৰ্তী বিশেষজ্ঞসকলৰ মাজত আছে যে ইৰাক আৰু আফগানিস্তানৰ ২০ শতাংশ প্ৰবীণসকল পোষ্ট ট্ৰমাটিক ষ্ট্ৰেছ ডিজৰ্ডাৰত ভুগি আছে।,0
300122,ফ্ৰেংক গিফৰ্ডে কিমানগৰাকী মহিলাক বিয়া কৰাইছিল,0,"কেথি লী আৰু ফ্ৰেংক গিফৰ্ডৰ ২৯ বছৰীয়া প্ৰেম কাহিনীৰ ভিতৰত জনপ্ৰিয় খেলুৱৈ আৰু খেলৰ ভাষ্যকাৰ, যি ৮৪ বছৰ বয়সত দেওবাৰে মৃত্যুবৰণ কৰিছিল, তেওঁৰ দীঘলীয়া কেৰিয়াৰত বহুতো সফলতা লাভ কৰিছিল, সম্ভৱতঃ তেওঁ যিটো বিষয়ত সবাতোকৈ গৌৰৱান্বিত হ'ব পাৰিছিল সেয়া আছিল তেওঁৰ প্ৰায় ২৯ বছৰীয়া পত্নীৰ সৈতে তেওঁৰ দীৰ্ঘদিনীয়া আৰু চিৰস্থায়ী সম্পৰ্ক।",0
300122,ফ্ৰেংক গিফৰ্ডে কিমানগৰাকী মহিলাক বিয়া কৰাইছিল,1,"মিনি বায়' (১) ফ্ৰেংক গিফৰ্ডৰ জন্ম হৈছিল ১৯৩০ চনৰ ১৬ আগষ্টত আমেৰিকা যুক্তৰাষ্ট্ৰৰ কেলিফৰ্ণিয়াৰ ছান্টা মনিকাত ফ্ৰেংক নিউটন গিফৰ্ড হিচাপে। তেওঁ এনএফএল মানডে' নাইট ফুটবল (১৯৭০), ছুপাৰ ব'ল এক্সএক্সআইএক্সএক্স (১৯৯৫) আৰু ১৯৮৭ ফ্ল'ৰিডা চাইট্ৰাছ ব'ল (১৯৮৭)ত তেওঁৰ কামৰ বাবে পৰিচিত। তেওঁ কেথি লী গিফৰ্ড, এষ্ট্ৰিড গিফৰ্ড আৰু মেক্সিন এভিছ এভিছ এভাৰ্টৰ সৈতে বিবাহপাশত আবদ্ধ হৈছিল।",1
300122,ফ্ৰেংক গিফৰ্ডে কিমানগৰাকী মহিলাক বিয়া কৰাইছিল,2,"এইজন হৈছে ৪৩ বছৰীয়া কেথি লীৰ পৰা অহা এগৰাকী নতুন ব্যক্তি, যিয়ে ১৯৮৬ চনত ফ্ৰেংকক বিয়া কৰাইছিল, এবিচি-ৰ গুড মৰ্নিং আমেৰিকাৰ বাবে কাম কৰাৰ সময়ত আৰম্ভ হোৱা চাৰি বছৰীয়া বন্ধুত্ব-প্ৰেমৰ পিছত।",0
300122,ফ্ৰেংক গিফৰ্ডে কিমানগৰাকী মহিলাক বিয়া কৰাইছিল,3,কেথি লী গিফৰ্ড আৰু তেওঁৰ স্বামী ফ্ৰেংক গিফৰ্ডে হাতে হাতে ১৯৯৮ চনৰ মে’ মাহত ৱাশ্বিংটন ডি.চি.-ত শিশু শ্ৰমৰ বিৰুদ্ধে এক সমাৱেশ অনুষ্ঠিত কৰে। এবছৰ পূৰ্বে তেওঁৰ ৱাল-মাৰ্ট কাপোৰৰ লাইনৰ সৈতে জড়িত এক কেলেংকাৰীৰ ফলত তেওঁলোকৰ এই কাৰ্যকলাপ আৰম্ভ হৈছিল।,0
300122,ফ্ৰেংক গিফৰ্ডে কিমানগৰাকী মহিলাক বিয়া কৰাইছিল,4,"কেথি লীৰ সংকট। এএনইচিডিঅ'টিঅ', এএনইচিডিঅ'টিঅ'ৰ পিছত লাখ লাখ দৰ্শকৰ সন্মুখত ব্যক্তিগত আত্মবিশ্বাসেৰে কথা কৈ কেথি লী গিফৰ্ডে স্বামী ফ্ৰেংকৰ সৈতে জীৱনটো এনেকুৱা উষ্ণ, এনেকুৱা যৌন আৱেদনময়, এনেকুৱা আৰামদায়ক কৰি তুলিছে যে লাইভ উইথ ৰেজিছ এণ্ড কেথি লীৰ তাৰকাই কেতিয়াও কোনো কথা নিখুঁত বুলি কোৱা নাই।",0
300122,ফ্ৰেংক গিফৰ্ডে কিমানগৰাকী মহিলাক বিয়া কৰাইছিল,5,"১৯৩০ চনৰ ১৬ আগষ্টত কেলিফৰ্নিয়াৰ চান্টা মনিকাত ফ্ৰেংক নিউটন গিফৰ্ড নামেৰে ফ্ৰেংক গিফৰ্ডৰ জন্ম হৈছিল। তেওঁ এনএফএল মানডে' নাইট ফুটবল (১৯৭০), চুপাৰ বাউল চব্বিশ (১৯৯৫) আৰু ১৯৮৭ ফ্লৰিডা চাইট্ৰাছ বাউল (১৯৮৭) ত তেওঁৰ কামৰ বাবে পৰিচিত। তেওঁ কেথি লী গিফৰ্ড, এষ্ট্ৰিড গিফৰ্ড আৰু মেক্সিন এভিছ এভিছ এভাৰ্টৰ সৈতে বিবাহপাশত আবদ্ধ হৈছিল।",0
300122,ফ্ৰেংক গিফৰ্ডে কিমানগৰাকী মহিলাক বিয়া কৰাইছিল,6,ক্ৰিষ্টি ডি'জুৰিলা কণ্টেক্ট ৰিপোৰ্টাৰ। কেথি লী গিফৰ্ড আৰু প্ৰয়াত ফ্ৰেংক গিফৰ্ডৰ বাবে তেওঁলোকৰ বিবাহৰ ২৯ বছৰৰ সময়ছোৱাত সকলো কথাই নিখুঁত নাছিল -- কিন্তু দম্পতীটোৱে তেওঁলোকৰ কেলেংকাৰীবোৰ ভালদৰে সামলাইছিল। এয়া আছিল কেথি লীৰ দ্বিতীয় বিবাহ আৰু ফ্ৰেংকৰ তৃতীয় বিবাহ।,0
300122,ফ্ৰেংক গিফৰ্ডে কিমানগৰাকী মহিলাক বিয়া কৰাইছিল,7,"বিখ্যাত ক্ৰীড়া সম্প্ৰচাৰক আৰু প্ৰাক্তন এনএফএল খেলুৱৈৰ ৯ আগষ্টত ৮৪ বছৰ বয়সত মৃত্যু হৈছিল। তেওঁক মিছ কৰা হ'ব। বিখ্যাত ক্ৰীড়া সম্প্ৰচাৰক আৰু এনএফএল কিংবদন্তি ফ্ৰেংক গিফৰ্ডৰ আকস্মিক মৃত্যু হৈছিল ৯ আগষ্টত তেওঁৰ কানেক্টিকাটৰ ঘৰত। ফ্ৰেংক, যি টুডে শ্ব'ৰ সহ-আয়োজক কেথি লী গিফৰ্ডৰ সৈতে বিবাহিত আছিল, ৬১ বছৰীয়া আছিল ৮৪ বছৰ বয়সীয়া। তেওঁ নিউয়ৰ্ক জায়েন্টছৰ হৈ খেলিছিল আৰু ক্ৰীড়া সম্প্ৰচাৰত সফল কেৰিয়াৰলৈ পৰিবৰ্তন হোৱাৰ আগতে এনএফএল-ত খেলিছিল।",0
300122,ফ্ৰেংক গিফৰ্ডে কিমানগৰাকী মহিলাক বিয়া কৰাইছিল,8,"দম্পতীটোৰ দুটি সন্তান আছিল। পূৰ্বৰ বিবাহৰ পৰা তিনিটি সন্তান জন্ম দিয়া ফ্ৰেংকে কেথি লীৰ সৈতে দুটি সন্তানক আদৰণি জনাইছিল: ২৫ বছৰীয়া পুত্ৰ ক'ডি নিউটন আৰু ২২ বছৰীয়া কেছিডি। ফ্ৰেংকক সোধা হৈছিল যে তেওঁক কেনেকৈ স্মৰণ কৰা হ'ব, তেতিয়া তেওঁৰ মনত পিতৃত্ব আছিল সৰ্বোচ্চ স্থানত।",0
300122,ফ্ৰেংক গিফৰ্ডে কিমানগৰাকী মহিলাক বিয়া কৰাইছিল,9,"কেথি লী গিফৰ্ডে অৱশেষত তেওঁৰ স্বামীৰ প্ৰতাৰণামূলক কামৰ বিষয়ে হাঁহিব পাৰে বুলি লাগে। ""টুডে"" শ্ব'টোৰ সহ-আয়োজকে ফ্ৰেংক গিফৰ্ডৰ কুখ্যাত ফিলাণ্ডাৰিং টিউজডে'ক নতুন দাবীৰ আলোচনাৰ সময়ত উপহাস কৰিছিল যে ১৯৭০-ৰ দশকত জনী কাৰ্চনৰ পত্নীৰ সৈতে তেওঁৰ এক সম্পৰ্ক আছিল। কেথি লীয়ে সহ-আয়োজক হোডা কটবক কৈছিল যে এনে ধৰণৰ প্ৰেমৰ সম্পৰ্ক প্ৰাক্তন জায়েন্টৰ পুস্তকৰ পৰা সম্পূৰ্ণৰূপে আহিছে।",0
290643,ট্ৰাম্প প্ৰশাসনৰ কিমানটা তদন্ত চলি আছে,0,"বাতৰি কাকতখনৰ ""ৰাজ্য আৰু ফেডাৰেল আদালতৰ ৰেকৰ্ডৰ চলি থকা, দেশজুৰি বিশ্লেষণ""ত পোৱা গৈছিল যে ""নিৰ্বাচনৰ দিনৰ দুসপ্তাহ পূৰ্বে ট্ৰাম্প আৰু তেওঁৰ ব্যৱসায়ৰ সৈতে জড়িত ৪,০০০ৰো অধিক গোচৰৰ ভিতৰত কমেও ৭৫টা খোলা আছিল""।",0
290643,ট্ৰাম্প প্ৰশাসনৰ কিমানটা তদন্ত চলি আছে,1,"কলত আলোচনা কৰা বিষয়বোৰ, অংশগ্ৰহণকাৰী ৰাছিয়ান চোৰাংচোৱা বিষয়াসকলৰ পৰিচয় আৰু মিষ্টাৰ ট্ৰাম্পৰ উপদেষ্টাসকলৰ মাজত কিমানজন ৰাছিয়ানৰ সৈতে কথা পাতিছিল আদি বিষয়কে ধৰি বিষয়াসকলে বিশেষ বিৱৰণ প্ৰকাশ কৰা নাছিল। এই কথোপকথনবোৰৰ মিষ্টাৰ ট্ৰাম্পৰ সৈতে কোনো সম্পৰ্ক আছিল নে নাই সেয়াও স্পষ্ট নহয়।",0
290643,ট্ৰাম্প প্ৰশাসনৰ কিমানটা তদন্ত চলি আছে,2,"দ্য চেণ্টাৰ ফৰ পাব্লিক ইণ্টিগ্ৰিটিয়ে ১,১৫৪ গুৰুত্বপূৰ্ণ বিষয়ৰ এটা উপসমষ্টি পৰীক্ষা কৰিছিল … বিলিয়ন ট্ৰাম্প আৰু ফেডাৰেল ঠিকাদাৰসকলে নিৰ্বাচনৰ আগৰ সপ্তাহবোৰত ভোটাৰসকলক ৩০ ছেকেণ্ডৰ দূৰদৰ্শন বাৰ্তা প্ৰকাশ কৰিছিল যিয়ে তেওঁৰ ফলাফলক স্পষ্ট কৰিছিল … আৰু উৎপাদকসকলৰ ওপৰত কৰ কমাইছিল।",0
290643,ট্ৰাম্প প্ৰশাসনৰ কিমানটা তদন্ত চলি আছে,3,"এই প্ৰতিশ্ৰুতিৰে ভয়েচ অভাৰ শেষ হৈছিল: ""ডোনাল্ড ট্ৰাম্পে ব্যৱসায় জানে আৰু তেওঁ আমেৰিকান শ্ৰমিকৰ বাবে যুঁজ দিব।"" ট্ৰাম্পৰ কিছুমান ঘনিষ্ঠ লোকৰ সম্পত্তি আৰু ব্যৱসায়িক স্বাৰ্থ। চেণ্টাৰ ফৰ পাব্লিক ইণ্টিগ্ৰিটিৰ বাতৰি বিকাশক ক্ৰিছ জুবাক-স্কিজে প্ৰেসিডেন্ট ডোনাল্ড ট্ৰাম্পৰ সৈতে যুঁজ দিছিল।",0
290643,ট্ৰাম্প প্ৰশাসনৰ কিমানটা তদন্ত চলি আছে,4,"দ্য নিউয়ৰ্ক টাইমছৰ বাবে ক্ৰেডিট ছেম হজছন। ১ ৱাশ্বিংটন — ফোন ৰেকৰ্ড আৰু ইণ্টাৰচেপ্ট কৰা কলসমূহে দেখুৱাইছে যে ডোনাল্ড জে. ট্ৰাম্পৰ ২০১৬ চনৰ ৰাষ্ট্ৰপতি প্ৰচাৰ অভিযান আৰু অন্যান্য ট্ৰাম্প সহযোগীসকলে নিৰ্বাচনৰ আগৰ বছৰটোত ৰাছিয়াৰ জ্যেষ্ঠ গোপন তথ্য বিষয়াসকলৰ সৈতে পুনৰাবৃত্তি সম্পৰ্ক স্থাপন কৰিছিল, চাৰিজন বৰ্তমান আৰু প্ৰাক্তন আমেৰিকান বিষয়াৰ মতে।",0
290643,ট্ৰাম্প প্ৰশাসনৰ কিমানটা তদন্ত চলি আছে,5,দুয়োখন সমিতিয়ে বৰ্তমান অভিযোগমূলক সংযোগৰ তদন্তৰ নেতৃত্ব দি আছে। ২০১৬ চনৰ নিৰ্বাচনত ৰাছিয়াৰ হস্তক্ষেপ আৰু ট্ৰাম্প প্ৰচাৰ অভিযানৰ সৈতে অভিযোগমূলক মিলা-মিছা হোৱাৰ তিনিটা তদন্ত চলি আছে।,0
290643,ট্ৰাম্প প্ৰশাসনৰ কিমানটা তদন্ত চলি আছে,6,"ইউএছএ টুডেৰ দ্বাৰা ৰাজ্য আৰু ফেডাৰেল আদালতৰ ৰেকৰ্ডৰ চলি থকা দেশব্যাপী বিশ্লেষণ অনুসৰি নিৰ্বাচনৰ দিনৰ মাত্ৰ দুসপ্তাহ আগতে ট্ৰাম্প আৰু তেওঁৰ ব্যৱসায়ৰ সৈতে জড়িত ৪,০০০ৰো অধিক গোচৰৰ ভিতৰত কমেও ৭৫টা খোলা আছে।",0
290643,ট্ৰাম্প প্ৰশাসনৰ কিমানটা তদন্ত চলি আছে,7,"পরিচালকে নিৰ্দেশক দিছে যে ২০১৬ চনৰ ৰাষ্ট্ৰপতি নিৰ্বাচনত ৰাছিয়াৰ হস্তক্ষেপৰ তদন্ত কৰি আছে। অবামা প্ৰশাসনে কৰা তথ্য চোৰা কৰাৰ অভিযোগত প্ৰেচিডেন্ট ট্ৰাম্পৰ টুইটৰ বিষয়ে মিঃ কমি কৈছে যে সংস্থাটোৰ ""সেই টুইটসমূহক সমৰ্থন কৰা কোনো তথ্য নাই।""",0
290643,ট্ৰাম্প প্ৰশাসনৰ কিমানটা তদন্ত চলি আছে,8,"স্বাধীন তদন্তৰ প্ৰয়োজনীয়তা। যিহেতু এইটো আছে, ট্ৰাম্প প্ৰচাৰ অভিযানৰ তদন্তৰ দায়িত্বত থকা তিনিওজন লোক হৈছে ৰিপাব্লিকান আৰু তিনিজনৰ ভিতৰত দুজন হৈছে সৰৱ ট্ৰাম্পৰ সহযোগী। তৃতীয়জন বাৰে তেওঁৰ ২০১৬ চনৰ পুনৰ নিৰ্বাচনী প্ৰচাৰৰ সময়ত ট্ৰাম্পৰ সৈতে নিজকে সংযুক্ত কৰিছিল।",0
290643,ট্ৰাম্প প্ৰশাসনৰ কিমানটা তদন্ত চলি আছে,9,"ইউএছএ টুডে: ""ট্ৰাম্প আৰু তেওঁৰ ব্যৱসায়িক প্ৰতিষ্ঠানসমূহৰ সৈতে জড়িত ৪,০০০-তকৈও কম ৭৫টা গোচৰ এতিয়াও খোলা আছে।"" ইউএছএ টুডেৰ এক বিশেষ প্ৰতিবেদন অনুসৰি, ট্ৰাম্প আৰু তেওঁৰ ব্যৱসায়িক প্ৰতিষ্ঠান, প্ৰচাৰ অভিযান আৰু অন্যান্য সংগঠনসমূহৰ সৈতে জড়িত ""অমীমাংসিত গোচৰৰ সংখ্যা এজন ৰাষ্ট্ৰপতি পদৰ প্ৰাৰ্থীৰ বাবে অভূতপূৰ্ব।""",0
197590,ৱাওত অনুগামীসকলক কেনেকৈ সংগ্ৰহ কৰিব লাগে তাৰ নিৰ্দেশনা,0,"এইটোৱেই আমাৰ তিনিজন সহজে পোৱা অনুগামী পোৱাৰ নিৰ্দেশনা দিয়ে। নিশ্চিত হওক আৰু আমাৰ পৰৱৰ্তী খণ্ডটোৰ বাবে চকু ৰাখক যিয়ে আপোনাৰ গেৰিছনৰ বাবে আৰু চাৰিজন অনুগামী কেনেকৈ পাব তাৰ বিশদ বিৱৰণ দিব য'ত কোনো কাম নাথাকিব! ইয়াৰ মাজতে, ওপৰত পোৱা অনুগামীসকলক সংগ্ৰহ কৰাৰ কামত লাগক! আপুনি আমাৰ ৱৰ্ল্ড অফ ৱাৰক্ৰাফ্ট গেম পৃষ্ঠাটো ভিজিট কৰি শেহতীয়া নিৰ্দেশনা, বাতৰি আৰু বৈশিষ্ট্যসমূহ পঢ়িব পাৰে।",0
197590,ৱাওত অনুগামীসকলক কেনেকৈ সংগ্ৰহ কৰিব লাগে তাৰ নিৰ্দেশনা,1,"ওৱাৰ্ল্ড অৱ ৱাৰক্ৰাফ্ট: লিজিয়নৰ ক্লাছ অৰ্ডাৰ হল মিছনসমূহৰ এক সহজ আৰম্ভণি নিৰ্দেশিকা: ক্লাছ অৰ্ডাৰ হলসমূহ হৈছে ওৱাৰ্ল্ড অৱ ৱাৰক্ৰাফ্ট: লিজিয়নত থাকিবলগীয়া ঠাই। প্ৰতিটো হল ইয়াক প্ৰতিনিধিত্ব কৰা শ্ৰেণীৰ বাবে অনন্য আৰু ই কেৱল এক ঠাই নহয় য'ত খেলুৱৈসকলে তেওঁলোকৰ বেছি সময় ব্যয় কৰে, বৰং এই নতুন সম্প্ৰসাৰণৰ কাহিনীৰ এক চালিকা শক্তিও। ক্লাছ অৰ্ডাৰ হলসমূহৰ এক প্ৰধান বৈশিষ্ট্য হৈছে তাত পোৱা মিছনসমূহ।",0
197590,ৱাওত অনুগামীসকলক কেনেকৈ সংগ্ৰহ কৰিব লাগে তাৰ নিৰ্দেশনা,2,"ৰেজলাক (হৰ্ড) বা স্পাৰ্জ বল্টৱিষ্ট (এলায়েন্স) আপোনাৰ গেৰিচনত ৭৫০ টকাত নীলনক্ষা বিক্ৰী কৰে। মাইন হৈছে একমাত্ৰ ব্যতিক্ৰম কাৰণ আপুনি ইয়াক ৯২ লেভেলত ১০০০ টকাত আপগ্ৰেড কৰিব পাৰে। এবাৰ আপোনাৰ বিল্ডিং লেভেল ২ হোৱাৰ পিছত, আপুনি সেই বিল্ডিংটোত এজন অনুগামী নিযুক্তি কৰিব পাৰে যদি আপুনি ইয়াক আপোনাৰ আৰ্কিটেক্ট টেবুলত বাছনি কৰে। অনুগামীসকল কেনেকৈ পাব। লুনাৰফল ইন / ফ্ৰস্টৱাল টেভাৰ্ন মিডিয়াম বিল্ডিংটোৱে আপোনাক প্ৰতি সপ্তাহে এজন অনুগামীৰ এটা বৈশিষ্ট্য নিৰ্দিষ্ট কৰিবলৈ দিয়ে। কিন্তু, আপুনি কেৱল আপোনাৰ অনুগামীসকলৰ বৈশিষ্ট্যসমূহ বাছনি কৰিব পাৰে যদি আপোনাৰ ২ লেভেলৰ বিল্ডিং থাকে, যাৰ বাবে আৰাক আউটপোষ্টৰ স্পায়াৰসমূহ সম্পূৰ্ণ কৰা বা ৯৮ লেভেল হোৱা প্ৰয়োজন। (ব্লুপ্ৰিণ্টটো উপৰে উল্লেখ কৰা একেই এনপিচিসমূহে বিক্ৰী কৰে) অনুগামীসকল পাবলৈ এটা অতি সহজ উপায় হৈছে কোৱেষ্টিংৰ পৰা।",0
197590,ৱাওত অনুগামীসকলক কেনেকৈ সংগ্ৰহ কৰিব লাগে তাৰ নিৰ্দেশনা,3,"প্ৰতিটো অনুগামীৰ তেওঁলোকৰ গুণগত মানৰ ওপৰত ভিত্তি কৰি ৩টা ক্ষমতা পৰ্যন্ত প্ৰৱেশাধিকাৰ আছে (অস্বাভাৱিকৰ বাবে ১, বিৰল বা মহাকাব্যৰ বাবে ২)। ৮০টাতকৈও অধিক ক্ষমতা উপলব্ধ আছে, কিন্তু সাধাৰণতে প্ৰতিটো ক্ষমতা তেওঁলোকে কোনটো মিছন মব ক্ষমতাৰ বিৰুদ্ধে যুঁজিব পাৰে তাৰ ওপৰত ভিত্তি কৰি কাম্য। ক্ষমতা কাউণ্টাৰৰ তালিকা: [এই গোটটো সম্পাদনা কৰক]",0
197590,ৱাওত অনুগামীসকলক কেনেকৈ সংগ্ৰহ কৰিব লাগে তাৰ নিৰ্দেশনা,4,"ড্ৰেনৰৰ ৱাৰলৰ্ডছত সংগ্ৰহ কৰিবলৈ বহুতো অনুগামী আছে, যাতে এইটো কৰাটো সহজ হয় আমি প্ৰতিটো অঞ্চলৰ বাবে গাইড তৈয়াৰ কৰিছো যাতে আপুনি তেওঁলোকক ক'ত বিচাৰি পাব পাৰে। (শেষ আপডেট: ২৭ ডিচেম্বৰ ২০১৪) শ্বেড'মুন ভেলী ফলোৱাৰ লোকেশ্যন। ফ্ৰষ্টফায়াৰ ৰিজ ফলোৱাৰ লোকেশ্যন। গৰ্গ্ৰণ্ড ফলোৱাৰ লোকেশ্যন। টেলাডৰ ফলোৱাৰ লোকেশ্যন।",0
197590,ৱাওত অনুগামীসকলক কেনেকৈ সংগ্ৰহ কৰিব লাগে তাৰ নিৰ্দেশনা,5,তলত দিয়া ফর্মটো ব্যৱহাৰ কৰি আপোনাৰ স্ক্ৰীনশ্বটটো ব্ৰাউজ কৰক। ১ মডেল-ভিউয়াৰ-উৎপাদিতসমূহতকৈ ইন-গেম স্ক্ৰীনশ্বটসমূহক পছন্দ কৰা হয়। ২ গুণমান যিমান বেছি হয় তত ভাল! ৩ যদি আপুনি আগতে নাই তেন্তে টিপস আৰু ট্ৰিকসমূহ পঢ়িবলৈ নিশ্চিত হওক।,0
197590,ৱাওত অনুগামীসকলক কেনেকৈ সংগ্ৰহ কৰিব লাগে তাৰ নিৰ্দেশনা,6,আপোনাৰ তলত তিনিজন অনুগামী পাব যি সেই ধাৰণাটোকে বাস্তৱায়িত কৰে। এই অনুগামীসকলক পোৱাটো ইমান সহজ যে আপুনি নিজেই ভাবিব যে এইটো সঁচা হোৱাটো ভাল নেকি! এই অনুগামীসকলৰ বিষয়ে আৰু আপোনাৰ নিজৰ গেৰিছনৰ বাবে তেওঁলোকক কেনেকৈ পাব পাৰি সেই বিষয়ে জানিবলৈ পঢ়ক: শ্ৰেণী/বিশেষ: হত্যাৰ অপৰাধী।,0
197590,ৱাওত অনুগামীসকলক কেনেকৈ সংগ্ৰহ কৰিব লাগে তাৰ নিৰ্দেশনা,7,"ক্লাছ অৰ্ডাৰ হল মিছন। এটা মিছন আৰম্ভ কৰিবলৈ, আপুনি মানচিত্ৰত থকা কোনো এটা অনুসন্ধান বাছনি কৰিব লাগিব। এটা ডাঙৰ মিছনৰ পৰিৱৰ্তে, আপোনাক সাধাৰণতে এটা মিছনৰ সৰু সৰু অংশ দিয়া হয়। এই অংশবোৰ সম্পূৰ্ণ কৰিলে আপুনি সময়ৰ সৈতে ডাঙৰ মিছনটো সম্পূৰ্ণ কৰিব পাৰিব।",0
197590,ৱাওত অনুগামীসকলক কেনেকৈ সংগ্ৰহ কৰিব লাগে তাৰ নিৰ্দেশনা,8,"এই মন্তব্যটি দুটা কাৰণত মূৰ্খতা, সেইবোৰ হৈছে: কাৰণ ১: আপুনি সম্পূৰ্ণৰূপে ভুল। লিজিয়নৰ অনুগামীসকলে আপোনাৰ বাবে অভিযান সংগ্ৰহ কৰিবলৈ মিছনত পঠিয়াই দিয়াতকৈ আপোনাৰ বাবে অভিযান/উদ্দেশ্য বিচাৰি উলিয়াবলৈ স্কাউটিং মিছনত পঠিয়াই দিয়াতকৈ ভুল। কাৰণ ২: অনুগামী পদ্ধতি বিকাশ কৰাত ২ ঘণ্টাতকৈ বেছি সময় লাগিছিল।",0
197590,ৱাওত অনুগামীসকলক কেনেকৈ সংগ্ৰহ কৰিব লাগে তাৰ নিৰ্দেশনা,9,"বহুতো অনুগামী উভয় গোষ্ঠীৰ বাবে উপলব্ধ, কিন্তু কেইবাজনো অনুগামী আছে যারা গোষ্ঠী-নিৰ্দিষ্ট। ১০৭০ লিজিয়নত, অনুগামীসকল বহুত বেছি শ্ৰেণী-নিৰ্দিষ্ট। টেভাৰ্ন বা ইনসমূহৰ সৈতে খেলুৱৈসকলে প্ৰতি সপ্তাহে গেৰিছন বিল্ডিং (হৰ্ড) বা লুনাৰফল ইন (এলায়েন্স)ত কথা পাতি এজন অতিৰিক্ত অনুগামী অৰ্জন কৰে। অতিৰিক্ত অনুগামী পাবলৈ, আকজানা বা লিছাৰ সৈতে কথা পাতক আৰু আপুনি আপোনাৰ অনুগামীক যি গুণ থাকিব বিচাৰে সেইটো বাছনি কৰক।",0
265552,জেলছ কিমান দিন আছে আঁতৰত থাকিব লাগে,0,"যদি আপোনাৰ মাহিলী পৰিশোধ কৰা নহয়, তেন্তে দোকানখনে লে'এৱে' বাতিল কৰাৰ অধিকাৰ সংৰক্ষণ কৰে। পৰিশোধৰ পদ্ধতিটো মূলতঃ আপুনি পোৱা পদ্ধতিৰে আপোনাক ধন ঘূৰাই দিয়া হ'ব। যদি পৰিশোধৰ পদ্ধতিটো নগদ হয়, তেন্তে আপোনালৈ এখন কৰ্পোৰেট চেক পঠিওৱা হ'ব। লে'এৱে' পৰিশোধ কৰিবলৈ দিয়া সৰ্বাধিক সময় হৈছে ১০ মাহ।",0
265552,জেলছ কিমান দিন আছে আঁতৰত থাকিব লাগে,1,"মই আৰু মোৰ প্ৰেমিকে বিয়া কৰাব বিচাৰোঁ, আমি এখন দোকান বিচাৰোঁ যিয়ে লে'অৱে' অফাৰ কৰে। মই জানো যে ৰবিন ভাইসকলে কৰে কিন্তু তাত আঙুঠিৰ ভাল পছন্দ নাই। মই জানিব খোজো যে জেৰেড গেলেৰিয়া অফ জুৱেলাৰী, বা কে'ই, লে'অৱে' অফাৰ কৰে নেকি। মই জানো যে জেলছে নকৰে। অনুসৰণ কৰক। ৯টা উত্তৰ ৯টা।",0
265552,জেলছ কিমান দিন আছে আঁতৰত থাকিব লাগে,2,"ডায়মণ্ড এম্পৱাৰমেণ্ট ফাণ্ড (ডি.ই.এফ) ২০০৭ চনত হীৰা উদ্যোগৰ নেতা, সংগীত মগল/ব্যৱসায়ী উদ্যোগী ৰাছেল ছিমনছ আৰু সামাজিক ন্যায় সমৰ্থক ডঃ বেঞ্জামিন চেভিছ জুনিয়ৰে প্ৰতিষ্ঠা কৰিছিল।",0
265552,জেলছ কিমান দিন আছে আঁতৰত থাকিব লাগে,3,"ওএইচ-ত কোনো বাতিল মাচুল নাই। দুই সপ্তাহৰ মূল্য দিব লাগে। মুঠ লেওৱে চুক্তিৰ পৰিমাণ ৮ সপ্তাহৰ চুক্তিৰ বাবে ৪ দুই সপ্তাহৰ মূল্য বা ১২ সপ্তাহৰ চুক্তিৰ বাবে ৬ দুই সপ্তাহৰ মূল্য। এমডি, ডিচি আৰু অনলাইনে কেৱল ৮ সপ্তাহৰ চুক্তি আগবঢ়ায়। ১২ সপ্তাহৰ লেওৱে বিকল্প কেৱল ৪০০ ডলাৰ বা তাতোধিক মূল্যৰ ক্ৰয়ৰ বাবে দোকানত উপলব্ধ। সকলো দোকান বা হোমটাউন, হাৰ্ডৱেৰ বা আউটলেট অৱস্থানত উপলব্ধ নহয়, পুৱেৰ্টো ৰিকো ব্যতীত। বাদ দিয়া হৈছে, বিশদ বিবৰণৰ বাবে দোকান চাওক।",0
265552,জেলছ কিমান দিন আছে আঁতৰত থাকিব লাগে,4,"কোনবোৰ অলংকাৰৰ দোকানে বাগদানৰ আঙুঠিৰ বাবে লেঅ' অফাৰ কৰে? মই আৰু মোৰ প্ৰেমিকে বিয়া কৰাব বিচাৰোঁ, আমি এনে এখন দোকান বিচাৰোঁ যিয়ে লেঅ' অফাৰ কৰে। মই জানো যে ৰবিন ভাইসকলে কৰে কিন্তু তাত আঙুঠিৰ ভাল পৰিমাণ নাই। মই জানিব খোজো যে জেৰেড দ্য গেলেৰিয়া অফ জুৱেলাৰী, বা কেই, লেঅ' অফাৰ কৰে নেকি। মই জানো যে জেলছে নকৰে।",0
265552,জেলছ কিমান দিন আছে আঁতৰত থাকিব লাগে,5,"১ মুঠ $১,০০০ বা তাতোধিক কেনার বাবে উপলব্ধ। ২ ২০% ডাউন পেমেন্ট প্রয়োজন। পরিকল্পনাটির জন্য প্রয়োজনীয় ন্যূনতম পেমেন্ট হল কেনার ১/১২ যা নিকটতম $৫.০০ পর্যন্ত বৃত্তাকার করা হয়, কিন্তু $৭০-এর কম নয়।",0
265552,জেলছ কিমান দিন আছে আঁতৰত থাকিব লাগে,6,"যেকোনো অৰ্ডাৰৰ সৈতে বিনামূলীয়া শ্বিপিং বিনামূলীয়া ইউপিএছ শ্বিপিং ১৪৯ ডলাৰ বা তাতোকৈ বেছি। অনলাইনত zales.com-ত শ্বিপ-টু-ষ্ট'ৰ অৰ্ডাৰ কৰক আৰু যদি আপুনি আপোনাৰ স্থানীয় দোকানত লৈ যায় তেন্তে আপোনাৰ অৰ্ডাৰ বিনামূলীয়াকৈ পঠিয়াই দিয়া হয়। ৬০ দিনৰ বিনা বিপদ ঘূৰাই দিয়াৰ নীতি আপোনাক নিশ্চিত কৰি দিয়ে যে আপুনি এই অৰ্ডাৰটো সম্পূৰ্ণ বিনা চিন্তাৰে ল'ব পাৰে। যদি তেওঁ এই অৰ্ডাৰটো একেবাৰেই ভাল নাপায়, তেন্তে আপুনি আপোনাৰ ক্ৰয় বিনামূলীয়াকৈ ঘূৰাই দিবলৈ ৬০ দিন সময় পাব।",0
265552,জেলছ কিমান দিন আছে আঁতৰত থাকিব লাগে,7,"১ মোট $১,০০০ বা তাতোধিক কেনার বাবে উপলব্ধ। ২ ২০% ডাউন পেমেন্ট প্রয়োজন। ৩ পরিকল্পনার জন্য প্রয়োজনীয় ন্যূনতম পেমেন্ট হল কেনার ১/১২ ভাগ, নিকটতম $৫.০০ পর্যন্ত বৃত্তাকার, কিন্তু $৭০-এর কম নয়। ১২ মাসের শেষে সমস্ত প্রয়োজনীয় ন্যূনতম পেমেন্ট করলে ১২ মাসের জন্য কোনো সুদ নেই। পরবর্তী ৬ মাসের জন্য ৯.৯% এবং তারপরে নিয়মিত ক্রয়ের জন্য APR (যা রাজ্যের উপর নির্ভর করে ১৭% থেকে ২৬.৯৯%) এ সুদ আরোপ করা হবে। নিচে নিয়মিত কার্ড ক্রেডিট শর্তাবলী প্রকাশ দেখুন।",0
265552,জেলছ কিমান দিন আছে আঁতৰত থাকিব লাগে,8,"লেঅ’ৱে আৰম্ভ কৰিবলৈ ন্যূনতম ডাউন পেমেণ্ট পৰিমাণ হ’ল মুঠ বিক্ৰীৰ ১০%। আপুনি প্ৰতি মাহে পৰিশোধৰ পৰিমাণ নিৰ্ধাৰণ কৰক, যেতিয়ালৈকে আপুনি ১০ মাহৰ ভিতৰত পৰিশোধ কৰিব পাৰে।",0
265552,জেলছ কিমান দিন আছে আঁতৰত থাকিব লাগে,9,"যদি পৰিশোধ পদ্ধতিটো নগদ হয়, তেন্তে আপোনালৈ এখন চেক পঠিয়াই দিয়া হ'ব। কাৰ্যসূচীটোৰ বিশদ আৰু ই আপোনাক কেনেকৈ উপকৃত কৰিব পাৰে সেই বিষয়ে অধিক জানিবলৈ, অনুগ্ৰহ কৰি আমাৰ এটা দোকানলৈ যাওক বা আমাৰ গ্ৰাহক যত্ন দলটোক ১-৮০০-এইচইএলজেডবিইআৰজি-ত ফোন কৰক। *হেলজবাৰ্গ ডায়মণ্ডছ প্ৰাইচ লেয়াৱে সকলো দোকানতে উপলব্ধ আৰু বৰ্তমানে অনলাইনত উপলব্ধ নহয়। দোকানত যিকোনো সামগ্ৰীৰ ন্যূনতম ডাউন পেমেণ্ট হৈছে মুঠ বিক্ৰীৰ ১০%, যাৰ ন্যূনতম প্ৰয়োজনীয়তা হৈছে $১০.০০।",0
227261,প্ৰদূষণে মানুহৰ জনসংখ্যা কেনেকৈ বৃদ্ধি কৰে,0,বিশ্বব্যাপী জনসংখ্যা সাত বিলিয়ন। পূৰ্বাভাস অনুসৰি ২০৫০ চনলৈকে আমেৰিকা যুক্তৰাষ্ট্ৰৰ জনসংখ্যা ৪০০ নিযুত হ'ব – প্ৰায় ৪০ বছৰৰ ভিতৰত ৩৩ শতাংশ বৃদ্ধি; ২০০৬ চনত আমেৰিকাই ৩০০ নিযুত বাসিন্দা নিবন্ধিত কৰিছে। বিশ্বৰ জনসংখ্যা বৃদ্ধিৰ লগে লগে বায়ু প্ৰদূষণ বৃদ্ধি পাইছে।,0
227261,প্ৰদূষণে মানুহৰ জনসংখ্যা কেনেকৈ বৃদ্ধি কৰে,1,প্ৰক্ষেপণসমূহ হৈছে যে ২০৫০ চনলৈকে আমেৰিকা যুক্তৰাষ্ট্ৰৰ জনসংখ্যা ৪০০ নিযুত পৰ্যন্ত পাব – প্ৰায় ৪০ বছৰৰ ভিতৰত ৩৩ শতাংশ বৃদ্ধি; ২০০৬ চনত ইউ.এছ.-এ ইয়াৰ ৩০০ নিযুত বাসিন্দা নিবন্ধিত কৰিছিল। বিশ্বৰ জনসংখ্যা বৃদ্ধিৰ লগে লগে বায়ু প্ৰদূষণ বৃদ্ধি পাইছে।,0
227261,প্ৰদূষণে মানুহৰ জনসংখ্যা কেনেকৈ বৃদ্ধি কৰে,2,বিশ্বৰ জনসংখ্যা বৃদ্ধিৰ লগে লগে বায়ু প্ৰদূষণ বৃদ্ধি পাইছে। জীৱাশ্ম ইন্ধন জ্বলোৱা আৰু জীৱাশ্ম ইন্ধনৰ পৰিমাণ বৃদ্ধি হোৱাটোৱেই ইয়াৰ কাৰণ।,0
227261,প্ৰদূষণে মানুহৰ জনসংখ্যা কেনেকৈ বৃদ্ধি কৰে,3,বিশ্বৰ জনসংখ্যা বৃদ্ধি পোৱাৰ লগতে জীৱনধাৰণৰ মানদণ্ড উন্নত হোৱাৰ লগে লগে বিশ্বৰ পৰিৱেশত স্থায়ী পৰিৱৰ্তন হোৱাৰ গুৰুতৰ বিপদ আহি পৰিছে। মানুহৰ কাৰ্যকলাপৰ ফলত পৰিৱেশ বিশেষকৈ পানী আৰু বায়ু প্ৰদূষিত হৈছে।,0
227261,প্ৰদূষণে মানুহৰ জনসংখ্যা কেনেকৈ বৃদ্ধি কৰে,4,"মানৱ জনসংখ্যা বৃদ্ধিৰ ফলত সীমিত সম্পদৰ ব্যৱহাৰ বৃদ্ধি পাইছে। এই সম্পদসমূহৰ ভিতৰত আছে: ১ কয়লা, তেল আৰু প্ৰাকৃতিক গেছৰ দৰে জীৱাশ্ম ইন্ধন দ্ৰুতগতিত ব্যৱহাৰ হৈ আছে। ২ ধাতুৰ আকৰ আৰু অন্যান্য খনিজ সম্পদৰ দৰে কেঁচা সামগ্ৰী দ্ৰুতগতিত ব্যৱহাৰ হৈ আছে।",0
227261,প্ৰদূষণে মানুহৰ জনসংখ্যা কেনেকৈ বৃদ্ধি কৰে,5,"সম্পদ। মানৱ জনসংখ্যাৰ বৃদ্ধিৰ ফলত সীমিত সম্পদৰ ব্যৱহাৰ বৃদ্ধি পাইছে। এই সম্পদসমূহৰ ভিতৰত আছে: ১ জীৱাশ্ম ইন্ধন যেনে কয়লা, তেল আৰু প্ৰাকৃতিক গেছ দ্ৰুতগতিত ব্যৱহাৰ হৈ আছে। ২ কেচা সামগ্ৰী যেনে ধাতুৰ আকৰ আৰু অন্যান্য খনিজ দ্ৰব্য দ্ৰুতগতিত ব্যৱহাৰ হৈ আছে।",0
227261,প্ৰদূষণে মানুহৰ জনসংখ্যা কেনেকৈ বৃদ্ধি কৰে,6,"কৰ্নেল বিশ্ববিদ্যালয়ৰ পৰিৱেশ আৰু কৃষি বিজ্ঞানৰ অধ্যাপক তথা এগৰাকী সুপৰিচিত গৱেষক ডেভিড পিমেণ্টেলৰ মতে, বিশ্বজুৰি প্ৰায় ৪০ শতাংশ মানুহৰ মৃত্যু পানী, বায়ু আৰু মাটিৰ প্ৰদূষণৰ ফলত হয়।",0
227261,প্ৰদূষণে মানুহৰ জনসংখ্যা কেনেকৈ বৃদ্ধি কৰে,7,"মানুহৰ জনসংখ্যা দ্ৰুতগতিত বৃদ্ধি পাই পৃথিৱীৰ সীমিত সম্পদ যেনে জীৱাশ্ম ইন্ধন আৰু খনিজ পদাৰ্থসমূহ বৃদ্ধি কৰিছে। ফলস্বৰূপে, আৱৰ্জনা আৰু প্ৰদূষণৰ পৰিমাণো বৃদ্ধি পাইছে।",0
227261,প্ৰদূষণে মানুহৰ জনসংখ্যা কেনেকৈ বৃদ্ধি কৰে,8,বিশ্ব স্বাস্থ্য সংস্থাই প্ৰকাশ কৰিছে যে বিশ্বৰ জনসংখ্যা বৃদ্ধিৰ সৈতে এনে পৰিৱেশগত অৱক্ষয় মানুহৰ ৰোগৰ দ্ৰুত বৃদ্ধিৰ এক প্ৰধান কাৰণ। পিমেণ্টেলে কয় যে এই দুয়োটা কাৰকেই বিশ্বজুৰি ৩.৭ বিলিয়ন লোকৰ অপুষ্টিৰ কাৰণ আৰু তেওঁলোকক ৰোগৰ প্ৰতি অধিক সংবেদনশীল কৰি তোলে।,0
227261,প্ৰদূষণে মানুহৰ জনসংখ্যা কেনেকৈ বৃদ্ধি কৰে,9,"মানুহৰ জনসংখ্যা। সকলো জীৱিত বস্তুৰ দৰেই মানুহেও নিজৰ চৌপাশৰ সম্পদৰ বাবে শোষণ কৰিছিল। প্ৰায় ১০,০০০ বছৰ আগতে কৃষিৰ আৰম্ভণিৰ আগতে মানুহৰ সৰু সৰু দলবোৰে বিশাল এলেকাত ঘূৰি ফুৰি শিকাৰ কৰিছিল আৰু জীয়াই থাকিবলৈ যথেষ্ট খাদ্য সংগ্ৰহ কৰিছিল।",0
227029,এনএইচএল প্লে'অফ ছীডিং কেনেকৈ কাম কৰে,0,"এনএইচএল-কে ২টা কনফাৰেন্সত বিভক্ত কৰা হৈছে আৰু তাৰপিছত প্ৰতিটো কনফাৰেন্সত ৩টা বিভাগ কৰা হৈছে। প্ৰতিটো বিভাগত সৰ্বাধিক পইণ্ট থকা দলসমূহ ১-৩ স্থানত আৰু পৰৱৰ্তী সৰ্বোচ্চ দলসমূহ ৪-৮ স্থানত স্থান দিয়া হৈছে। ১৬টা দলে প্লে-অফত প্ৰৱেশ কৰে আৰু প্ৰতিটো ৰাউণ্ডত ৭টাৰ ভিতৰত শ্ৰেষ্ঠ এটা শৃংখলা থাকে। ৰাউণ্ড ১ (কোৱাৰ্টাৰ ফাইনেল): ১৬টা দল (প্ৰতি কনফাৰেন্সত ৮টা)। ১বনাম ৮, ২বনাম ৭, ৩বনাম ৬, ৪বনাম ৫। বাছনি ১-৪ দলসমূহৰ ঘৰুৱা বৰফৰ সুবিধা আছে।",0
227029,এনএইচএল প্লে'অফ ছীডিং কেনেকৈ কাম কৰে,1,"২০ বছৰৰ পিছত প্ৰথমবাৰৰ বাবে এন.এইচ.এল.-ৰ প্লে'-অফ ফৰ্মেট মূলতঃ বিভাগৰ ওপৰত আধাৰিত, কনফাৰেন্সৰ ওপৰত নহয়। আৰু ১ বনাম ৮, ২ বনাম ৭, ইত্যাদি নহয়। পৰিৱৰ্তন কঠিন, আৰু নিশ্চিত, নতুন পদ্ধতিটো অলপ জটিল।",0
227029,এনএইচএল প্লে'অফ ছীডিং কেনেকৈ কাম কৰে,2,"এন.এইচ.এল.-এ এই ছিজনটোত কেৱল নিজৰ বিভাগসমূহ পুনৰ সংগঠিত কৰা নাছিল; লীগখনে এক সম্পূৰ্ণ নতুন প্লে'-অফ ফৰ্মেট আগবঢ়াইছিল। এই বছৰৰ ষ্টেনলি কাপ প্লে'-অফত এতিয়াও ১৬টা দল আছে, প্ৰতিটো কনফাৰেন্সত আঠটা।",0
227029,এনএইচএল প্লে'অফ ছীডিং কেনেকৈ কাম কৰে,3,২০১৩-১৪ ছিজনৰ বাবে এনএইচএল-ৰ এটা নতুন প্লে'-অফ ফৰ্মেট আছে।,0
227029,এনএইচএল প্লে'অফ ছীডিং কেনেকৈ কাম কৰে,4,"ৰাউণ্ড ২ (ছেমিফাইনেল): ৮টা দল (প্ৰতি কনফাৰেন্সত ৪টা)। প্ৰথম ৰাউণ্ডৰ পিছত, দলসমূহক পুনৰ বাছনি কৰা হয় যাতে সৰ্বোচ্চ ৰেংকিং থকা দলটোৱে সৰ্বনিম্ন ৰেংকিং থকা দলটোৰ সৈতে খেলে। অৰ্থাৎ, যদি ১, ২, ৫, ৬ নম্বৰ দলসমূহে প্ৰথম ৰাউণ্ডত জয়লাভ কৰে, তেন্তে মেচসমূহ ১বনাম ৬, আৰু ২বনাম ৫ হ'ব, য'ত উচ্চ সীডসমূহৰ ঘৰুৱা বৰফৰ সুবিধা থাকিব। ৰাউণ্ড ৩ (কনফাৰেন্স ফাইনেল): ৪টা দল।",0
227029,এনএইচএল প্লে'অফ ছীডিং কেনেকৈ কাম কৰে,5,১ প্রথম স্থানৰ দলটি তেওঁলোকৰ বিভাগীয় প্লে-অফত ১ নম্বৰ স্থান পাব। ২ প্রতিটি বিভাগৰ দ্বিতীয় আৰু তৃতীয় স্থানৰ দলসমূহ তেওঁলোকৰ বিভাগীয় প্লে-অফত ২ নম্বৰ আৰু ৩ নম্বৰ স্থান পাব। ৩ তেওঁলোক প্ৰথম ৰাউণ্ডত মুখামুখি হ'ব। ৪ এইটো কঠিন হৈ পৰে: দুটি ওয়াইল্ড কাৰ্ড দল ৪ নম্বৰ স্থান ল'ব।,0
227029,এনএইচএল প্লে'অফ ছীডিং কেনেকৈ কাম কৰে,6,এইবাৰ প্রথম ৰাউণ্ডত কেনেকৈ খেল খেলা হয় তা এইদৰে: ১. কনফাৰেন্সত সৰ্বাধিক পইণ্ট থকা বিভাগৰ নেতাই সৰ্বনিম্ন পইণ্ট থকা ওয়াইল্ড কাৰ্ড দলৰ সৈতে খেলিব। ২. একেই কনফাৰেন্সত সৰ্বনিম্ন পইণ্ট থকা বিভাগৰ নেতাই সৰ্বাধিক পইণ্ট থকা ওয়াইল্ড কাৰ্ড দলৰ সৈতে খেলিব। ৩. প্রতিটো বিভাগৰ দ্বিতীয় স্থানৰ দলটোৱে নিজৰ বিভাগত তৃতীয় স্থানৰ দলটোক আয়োজন কৰিব। দ্বিতীয় ৰাউণ্ডটো হৈছে যেখানত পূৰ্বৰ ফৰ্মেটৰ পৰা পৃথক হয়।,0
227029,এনএইচএল প্লে'অফ ছীডিং কেনেকৈ কাম কৰে,7,১ প্রতিটি বিভাগৰ দ্বিতীয় আৰু তৃতীয় স্থানৰ দলসমূহ হৈছে তেওঁলোকৰ বিভাগীয় প্লে-অফত ২ নং ২ আৰু ৩ নং ৩ বাছনি। ২ তেওঁলোক প্ৰথম ৰাউণ্ডত মুখামুখি হ'ব। ৩ এইটো কঠিন হৈ পৰে: দুটা ওয়াইল্ড কাৰ্ড দলে ৪ নং বাছনি ল'ব। ৪ তেওঁলোক প্ৰথম ৰাউণ্ডত ১ নং বাছনিৰ সৈতে খেলিব।,0
227029,এনএইচএল প্লে'অফ ছীডিং কেনেকৈ কাম কৰে,8,"কিন্তু ওয়াইল্ড কাৰ্ড দলসমূহৰ সংযোজনৰ সৈতে কিছুমান নতুন সালসলনি কৰা হৈছে। নতুন ফৰ্মেটৰ অধীনত, চাৰিটা বিভাগৰ প্ৰতিটোতে শীৰ্ষ তিনিটা দলে স্বয়ংক্ৰিয়ভাৱে পোষ্ট-ছিজনৰ বাবে যোগ্যতা অৰ্জন কৰে, আনহাতে বাকী থকা দুটা প্লে'-অফ স্থান প্ৰতিটো কনফাৰেন্সত সৰ্বাধিক অৱশিষ্ট পইণ্ট থকা দলসমূহক দিয়া হয়।",0
227029,এনএইচএল প্লে'অফ ছীডিং কেনেকৈ কাম কৰে,9,"কেনেকৈ দলসমূহ যোগ্যতা অর্জন কৰে। ১ ষ্টেনলি কাপ প্লে-অফত এতিয়াও ১৬টা মুঠ দল আছে, আঠটা পূব আৰু আঠটা পশ্চিমৰ পৰা। ২ প্রতিটো বিভাগৰ শীৰ্ষ তিনিটা দল স্বয়ংক্ৰিয়ভাৱে পোষ্টছিজনৰ বাবে যোগ্যতা অৰ্জন কৰে। ৩ বাকী ৪টা দল ওয়াইল্ড কাৰ্ড স্পটৰ মাধ্যমে যোগ্যতা অৰ্জন কৰিব: দুটা পূবত, দুটা পশ্চিমত।",0
166290,ময়লাৰ ফলত আঙুঠিৰ ক্ষত হয় নেকি?,0,"ছালৰ ৰিংৱৰ্ম (টিনিয়া কৰ্পোৰিছ) সাধাৰণতে ভেঁকুৰ ট্ৰাইকোফাইটন ৰুব্ৰামৰ ফলত হয়, যি এজন ব্যক্তিৰ পৰা আন এজনলৈ বিয়পে। ই মাইক্ৰ'স্পৰাম কেনিছৰ ফলতো হ'ব পাৰে, যি মেকুৰী আৰু কুকুৰৰ দ্বাৰা বিয়পে। এই প্ৰকাৰটো কম সাধাৰণ কিন্তু অধিক গুৰুতৰ সংক্ৰমণৰ কাৰণ হয়।",0
166290,ময়লাৰ ফলত আঙুঠিৰ ক্ষত হয় নেকি?,1,"কি কাৰণে ৰিংৱৰ্ম হয়? ৰিংৱৰ্ম পোকাৰ দ্বাৰা নহয়। ছালৰ সংক্ৰমণ, যাক টিনিয়া বুলিও জনা যায়, ডাৰ্মাটোফাইট নামৰ ভেঁকুৰৰ দ্বাৰা হয়। ভেঁকুৰ হৈছে অণুবীক্ষণিক জীৱ যি আপোনাৰ ছাল, চুলি আৰু নখৰ মৃত কলাৰ পৰা বাচি থাকিব পাৰে, ঠিক এজোপা গছৰ বাকলিত কাঠফুলা গজিব পাৰে। ৰিংৱৰ্ম ছালত গজা ভেঁকুৰৰ দ্বাৰা হয়।",0
166290,ময়লাৰ ফলত আঙুঠিৰ ক্ষত হয় নেকি?,2,"প্ৰায় ৪০ প্ৰকাৰৰ ভেঁকুৰে ৰিংৱৰ্ম সৃষ্টি কৰিব পাৰে। সেইবোৰ সাধাৰণতে ট্ৰাইকোফাইটন, মাইক্ৰ’স্পোৰাম বা এপিডাৰ্ম’ফাইটন প্ৰকাৰৰ হয়। বিপদৰ কাৰকসমূহৰ ভিতৰত আছে পাব্লিক শ্বাৱাৰ ব্যৱহাৰ কৰা, মল্লযুঁজৰ দৰে স্পৰ্শ ক্ৰীড়া, অত্যধিক ঘাম ওলোৱা, জীৱ-জন্তুৰ সংস্পৰ্শলৈ অহা, মেদবহুলতা আৰু দুৰ্বল ৰোগ প্ৰতিৰোধ ক্ষমতা।",0
166290,ময়লাৰ ফলত আঙুঠিৰ ক্ষত হয় নেকি?,3,"চোকোৰা ভেঁকুৰে ছাল, চুলি আৰু নখৰ বাহিৰৰ স্তৰত পোৱা কেৰাটিন খায়। চোকোৰা ভেঁকুৰে ছাল, চুলি আৰু নখৰ বাহিৰৰ স্তৰত পোৱা কেৰাটিন খায়। পশুৰ ক্ষেত্ৰত, ভেঁকুৰে সাধাৰণতে চুলিৰ ছিদ্ৰবোৰত সংক্ৰমণ ঘটায়, যাৰ ফলত ছালৰ ৰেখাত প্ৰভাৱিত চুলিৰ ডালবোৰ ভাঙি যায়। এইটো সাধাৰণতে চুলি সৰাৰ বৃত্তাকাৰ দাগৰ সৃষ্টি কৰে।",0
166290,ময়লাৰ ফলত আঙুঠিৰ ক্ষত হয় নেকি?,4,"পোহনীয়া প্ৰাণীৰ পৰা ধৰা পৰা ৰিংৱৰ্ম। ৰিংৱৰ্ম হৈছে এক সাধাৰণ ছালৰ ৰোগ যাক অন্যথা টিনিয়া বুলি জনা যায় যি শৰীৰৰ ছাল (টিনিয়া কৰ্পোৰিছ), মূৰৰ ছাল (টিনিয়া কেপিটিছ), ভৰি (টিনিয়া পেডিছ, বা খেলুৱৈৰ ভৰি), বা কৰঙন (টিনিয়া ক্ৰুৰিছ, বা জক ইটচ)ক প্ৰভাৱিত কৰিব পাৰে। ৰিংৱৰ্ম ইয়াৰ নামে পৰামৰ্শ দিয়াৰ দৰে কোনো পোকাৰ দ্বাৰা হোৱা নহয়।",0
166290,ময়লাৰ ফলত আঙুঠিৰ ক্ষত হয় নেকি?,5,"ৰিংৱৰ্ম কি? ৰিংৱৰ্ম — যাৰ পোকৰ সৈতে একো সম্পৰ্ক নাই — হৈছে ছালৰ এক সংক্ৰামক ভেঁকুৰৰ সংক্ৰমণ। ই খজুৱতি আৰু অপ্ৰীতিকৰ হ'ব পাৰে, কিন্তু ই বেদনাদায়ক বা বিপদজনক নহয়। যেতিয়া ভেঁকুৰে মূৰৰ ছালত প্ৰভাৱ পেলায়, তেতিয়া এই অৱস্থাটোক টিনিয়া কেপিটিছ বোলা হয়, আৰু যেতিয়া ই শৰীৰত প্ৰভাৱ পেলায় তেতিয়া ইয়াক টিনিয়া কৰ্পোৰিছ বোলা হয়।",0
166290,ময়লাৰ ফলত আঙুঠিৰ ক্ষত হয় নেকি?,6,"ডাৰ্মাটোফাইটোচিছ, যাক ৰিংৱৰ্ম বুলিও জনা যায়, হৈছে ছালৰ এক ভেঁকুৰৰ সংক্ৰমণ। সাধাৰণতে ইয়াৰ ফলত ৰঙা, খজুৱতি, আঁচিল, বৃত্তাকাৰ ফোঁহা হয়। সংস্পৰ্শলৈ অহাৰ চাৰিৰ পৰা চৈধ্য দিনৰ পিছত লক্ষণসমূহ দেখা দিব পাৰে। একে সময়তে একাধিক অংশ প্ৰভাৱিত হ'ব পাৰে।",0
166290,ময়লাৰ ফলত আঙুঠিৰ ক্ষত হয় নেকি?,7,"চক্ৰীয় পোকাৰ সংক্ৰমণ এবিধ ভেঁকুৰৰ ফলত হয়। ভেঁকুৰ (ভেঁকুৰৰ বহুবচন) যি চক্ৰীয় পোকাৰ জীৱন আৰু ছালৰ বাহিৰৰ স্তৰত বিয়পে। চক্ৰীয় পোকা কোনো পোকা বা অন্য পৰজীৱীৰ ফলত নহয়। ভেঁকুৰ আমাৰ পৰিৱেশত সকলো ঠাইতে থাকে, মানুহৰ শৰীৰতো থাকে। তেওঁলোক উষ্ণ, আৰ্দ্ৰ ঠাইত যেনে লকাৰ ৰুম আৰু সাঁতোৰৰ পুখুৰীত আৰু ছালৰ ভাঁজত বাঢ়ি থাকে।",0
166290,ময়লাৰ ফলত আঙুঠিৰ ক্ষত হয় নেকি?,8,"ৰিংৱৰ্ম হৈছে ছালৰ এক সংক্ৰামক ভেঁকুৰৰ সংক্ৰমণ যাৰ পোকৰ সৈতে কোনো সম্পৰ্ক নাই। আপোনাৰ কেঁচুৱাটিক সুৰক্ষিত কৰা কঠিন... নৱজাতক আৰু শিশুৰ ফোঁহা: একজেমা, শালমইনা আৰু অন্যান্য ছালৰ অৱস্থা। শিশুৰ ছালৰ অৱস্থাৰ এক দৃশ্যমান নিৰ্দেশিকা, শিশুৰ শালমইনা আৰু একজেমা বুজি পোৱা আৰু আৰু বহুত কিছু।",0
166290,ময়লাৰ ফলত আঙুঠিৰ ক্ষত হয় নেকি?,9,"আঙুঠিৰ কী আৰু ইয়াৰ কাৰণ কি? আঙুঠি হৈছে ছাল, চুলি আৰু নখৰ উপৰিভাগৰ ভেঁকুৰৰ সংক্ৰমণৰ সাধাৰণ নাম। আঙুঠিৰ সংক্ৰমণ মানুহ আৰু সকলো পোহনীয় প্ৰাণীৰ মাজত হ'ব পাৰে।",0
316415,এটা মুকুট পুনৰ স্থাপন কৰিবলৈ কিমান খৰচ হয়,0,"এটা টুথ ক্ৰাউন পুনৰ লগোৱাৰ খৰচ কিমান? চাৰ্লট, এনচি?ত এটা ক্ৰাউন কৰা দাঁত পুনৰ লগোৱাৰ খৰচ প্ৰায় কিমান? হয়, প্ৰায় ১০ বছৰ আগতে মোৰ সন্মুখত এটা টুথ ক্ৰাউনেৰে দাঁত সলনি কৰিছিলো আৰু এতিয়া ই ফেচবুকত ঢিলা হৈ পৰিছে।",0
316415,এটা মুকুট পুনৰ স্থাপন কৰিবলৈ কিমান খৰচ হয়,1,"সোণৰ মুকুটৰ খৰচ। দাঁতৰ মুকুটৰ খৰচৰ সাৰাংশ দাঁতৰ মুকুটৰ মূল্য প্ৰতি মুকুটত $500 ৰ পৰা $2,500 লৈকে হয় আৰু ব্যৱহৃত সামগ্ৰী, দাঁতৰ অৱস্থান আৰু ভৌগোলিক অৱস্থানৰ ওপৰত নিৰ্ভৰশীল। এটা মুকুটৰ গড় খৰচ হৈছে $825, দাঁতৰ বীমা কভাৰেজ সহ বা নকৰাকৈ। এটা দাঁতৰ মুকুটৰ সবাতোকৈ সস্তা খৰচ হৈছে $500 এটা সাধাৰণ ধাতুৰ মুকুটৰ বাবে। দাঁতৰ মুকুট হৈছে বিশেষভাৱে আকৃতিৰ খোলা যি ক্ষতিগ্ৰস্ত বা ভাঙি যোৱা দাঁতৰ ওপৰত সাজ-সজ্জা বা গাঁথনিগত উদ্দেশ্যৰ বাবে লগোৱা হয়।",0
316415,এটা মুকুট পুনৰ স্থাপন কৰিবলৈ কিমান খৰচ হয়,2,"১৩ দন্ত চিকিৎসা ফি তালিকা। শিল্প আয়োগে দন্ত চিকিৎসকসকলৰ ব্যৱহাৰৰ বাবে এক বিশেষ বিল ফৰ্ম আছে। শ্ৰমিক ক্ষতিপূৰণ দাবীদাতাসকলক চিকিৎসা প্ৰদান কৰা সকলো দন্ত চিকিৎসকে আই.চি. ফৰ্ম নং ২৫ডি-ত প্ৰদান কৰা সেৱাসমূহৰ এক সম্পূৰ্ণ বিশদ বিবৃতি প্ৰস্তুত কৰিব লাগিব, নিৰ্দিষ্ট স্থানত স্বাক্ষৰ কৰিব লাগিব আৰু নিয়োগকৰ্তা বা বীমা বাহকক দুটা প্ৰতিলিপি পঠিয়াব লাগিব।",0
316415,এটা মুকুট পুনৰ স্থাপন কৰিবলৈ কিমান খৰচ হয়,3,"অপব্যৱহাৰৰ প্ৰতিবেদন। ১ চেট বা বক্তৃতা, প্ৰাপ্তবয়স্ক বিষয়বস্তু, স্পেম, অন্য সদস্যক অপমান কৰা, আৰু অধিক দেখুৱাও। ২ নাবালকক ক্ষতি, হিংসা বা ভাবুকি, হয়ৰানি বা গোপনীয়তা আক্ৰমণ, ভুৱা বা ভুল প্ৰতিনিধিত্ব, প্ৰতাৰণা বা ফিছিং, আৰু অধিক দেখুৱাও। ৩ চেট বা বক্তৃতা, প্ৰাপ্তবয়স্ক বিষয়বস্তু, স্পেম, অন্য সদস্যক অপমান কৰা, আৰু অধিক দেখুৱাও।",0
316415,এটা মুকুট পুনৰ স্থাপন কৰিবলৈ কিমান খৰচ হয়,4,"১ আপলোড ব্যর্থ হয়েছে। ২ আমরা কিছু সমস্যাৰ সন্মুখীন হচ্ছো, অনুগ্রহ কৰি আবার চেষ্টা কৰক। ৩ আপুনি কেবল PNG, JPG, বা JPEG ধৰণৰ ফাইলসমূহ আপলোড কৰিব পাৰেন। ৪ আপুনি কেবল 3GP, 3GPP, MP4, MOV, AVI, MPG, MPEG, বা RM ধৰণৰ ফাইলসমূহ আপলোড কৰিব পাৰেন। ৫ আপুনি কেবল ৫ MB তকৈ সৰু ফটো আপলোড কৰিব পাৰেন। ৬ আপুনি কেবল ৬০০MB তকৈ সৰু ভিডিঅ' আপলোড কৰিব পাৰেন।",0
316415,এটা মুকুট পুনৰ স্থাপন কৰিবলৈ কিমান খৰচ হয়,5,"৭টা মন্তব্য + মন্তব্য যোগ করুন। ১ জিৰকোনিয়াম মুকুট সম্পৰ্কে কি? ২ মোৰ দাঁতৰ ডাক্তৰে এটা দাঁতৰ পিছনৰ এটা পৃষ্ঠত দাঁতৰ ৰং কৰা এটা ফিলিংৰ বাবে $২০০ চাৰ্জ কৰিব বিচাৰে। ৩ মোৰ এটা দাঁতৰ বাবে মুকুট লাগে, মোৰ দাঁতৰ ডাক্তৰে উদ্ধৃতি দিছে ১,০০০ প্ৰতি দাঁত। সেই হৈছে সঠিক মূল্য? ৪ মোৰ এটা দাঁতৰ বাবে এটা ইমপ্লাণ্ট কৰিছো।",0
316415,এটা মুকুট পুনৰ স্থাপন কৰিবলৈ কিমান খৰচ হয়,6,"হাই, মই জানিব খোজোঁ কি আশা কৰিব লাগে। মুকুট পুনৰ লগোৱাটো এটা ব্যয়বহুল পদ্ধতি নেকি? কোনেও দামৰ সীমা জানে নেকি? ধন্যবাদ।",0
316415,এটা মুকুট পুনৰ স্থাপন কৰিবলৈ কিমান খৰচ হয়,7,"যদি আপুনি দাঁতৰ মূল্য সম্পৰ্কে জানিব বিচাৰে তেন্তে বীমা অবিহনে দাঁতৰ মূল্য প্ৰায় ৫০০ ডলাৰ হ'ব আৰু যদি আপুনি জানে যে বীমাৰ সৈতে ইয়াৰ মূল্য প্ৰায় ১০০০ৰ পৰা ১৫০০ ডলাৰ হ'ব, কিন্তু খৰচ প্ৰতিখন ৰাজ্যত বেলেগ বেলেগ হ'ব পাৰে। যদি আপুনি দাঁতৰ তথ্য জানিব বিচাৰে তেন্তে মোৰ উত্তৰটো আপোনাক সন্তুষ্ট কৰিবলৈ সহায় কৰিব।",0
316415,এটা মুকুট পুনৰ স্থাপন কৰিবলৈ কিমান খৰচ হয়,8,"দাঁতৰ ওপৰত এটা সুন্দৰ পৰ্চেলেইন মুকুট তৈয়াৰ কৰিবলৈ দাঁতৰ ওপৰত প্ৰয়োজনীয় সামগ্ৰী, জটিলতা, অৱস্থান আৰু দন্ত চিকিৎসকৰ প্ৰশিক্ষণৰ ওপৰত নিৰ্ভৰ কৰি এটা মুকুটৰ মূল্য সাধাৰণতে পিছফালৰ দাঁততকৈ বহুত বেছি হয়। দেশৰ অংশটোৰ ওপৰত নিৰ্ভৰ কৰি ফ্ল’ৰিডাত ইয়াৰ মূল্য ৯৫০ ডলাৰৰ পৰা ২০০০ ডলাৰলৈকে হয়।",0
316415,এটা মুকুট পুনৰ স্থাপন কৰিবলৈ কিমান খৰচ হয়,9,"১ দাঁতের মুকুটৰ মূল্য বিভিন্ন স্থানত আৰু দাঁতৰ চিকিৎসকৰ পৰা দাঁতৰ চিকিৎসকলৈ পৃথক হয়... ২ দাঁতের মুকুট সিমেন্ট কৰাৰ ১ ঘণ্টাৰ পিছত... ৩ দাঁতের মুকুটৰ মূল্যও বিভিন্ন হয়... ৪ সকলো দেশত নতুন দাঁতের মুকুটৰ খৰচ... ৫ দাঁতের মুকুটৰ গড় মূল্য হল $500-$3,000 প্রতি দাঁত...",0
1060370,বেৰেল অ’ স্লাইম কি?,0,সম্পৰ্কিত: বেৰেল স্লাইম স্লাইম খেলনা স্লাইম গু নিকেলোডিয়ন স্লাইম বিজ্ঞান কিট স্লাইম গ্ৰীন স্লাইম গ্লো ডাৰ্ক স্লাইম জেলি ব্ৰেচলেট কিডছ স্লাইম গ্লো পুটি পুটি অইল স্লাইম ৰিফাইন মৰ ফৰ্মেট,0
1060370,বেৰেল অ’ স্লাইম কি?,1,"স্লাইম মোল্ড, একটি বিস্তৃত শব্দ যি প্রায়শই ইউকেৰিয়োটসৰ প্রায় ৬টি গোটকে বুজায়। বায়'ফিল্ম, একটি অণুজীৱৰ সমষ্টি য'ত কোষবোৰ একে অপৰৰ সৈতে আৰু/বা এটা পৃষ্ঠৰ সৈতে লেপ্টে থাকে। স্লাইমি (মাছ), যাক পনিফিশ বুলিও জনা যায়। শামুকৰ শ্লেষ্ম, গেষ্ট্ৰ'পডবোৰে গতিৰ বাবে ব্যৱহাৰ কৰা শ্লেষ্ম।",0
1060370,বেৰেল অ’ স্লাইম কি?,2,"স্লাইম (খেলনা), প্লাষ্টিকৰ আবৰ্জনাৰ পাত্ৰত বিক্ৰী হোৱা প্ৰধানতঃ গুৱাৰ গামৰ পৰা তৈয়াৰ কৰা এবিধ আঠালো আৰু পানী ওলোৱা সেউজীয়া পদাৰ্থ; স্লাইম (ব্ৰেণ্ড), টায়াৰ যত্নৰ সামগ্ৰীৰ এটা ব্ৰেণ্ড; মিউজিক. স্লাইম (বেণ্ড), ১৯৭৯ চনত প্ৰতিষ্ঠা হোৱা আৰু ১৯৯৪ চনত ভাঙি পৰা এটা জাৰ্মান পাংক ৰক বেণ্ড; অন্যান্য ব্যৱহাৰ। স্লাইম, ১৯৮২ চনৰ এটাৰি ৮-বিট পৰিয়ালৰ বাবে এটা ভিডিঅ' গেম; স্লাইম (ভিডিঅ' গেম শৃংখলা) চাওক।",0
1060370,বেৰেল অ’ স্লাইম কি?,3,"স্লাইমাৰ, ফিল্ম ঘোষ্টবাষ্টাৰ্ছ ব্ৰেণ্ডছ স্লাইম (খেলনা)ৰ পৰা প্রাথমিকভাৱে গুৱাৰ আঠাৰে তৈয়াৰ কৰা আৰু প্লাষ্টিকৰ আৱৰ্জনাৰ পাত্ৰত বিক্ৰী কৰা এবিধ চিকণ, পোহৰা সেউজীয়া পদাৰ্থ।",0
1060370,বেৰেল অ’ স্লাইম কি?,4,"ড্ৰেগন কুৱেষ্ট কনছ'ল ৰোল-প্লেইং গেইম ফ্ৰেঞ্চাইজিৰ মাস্কট স্লাইম (ড্ৰেগন কুৱেষ্ট); গ্ল'বষ্টাৰ্ছ চলচ্চিত্ৰৰ পৰা স্লাইমেৰে তৈয়াৰ কৰা এটা সেউজীয়া ভূত স্লাইমাৰ; ব্ৰেণ্ডছ স্লাইম (খেলনা), প্লাষ্টিকৰ আবৰ্জনাৰ পাত্ৰত বিক্ৰী কৰা প্ৰধানকৈ গুৱাৰ আঠাৰে তৈয়াৰ কৰা এবিধ পিচলা, পৰিত্যাগ কৰা সেউজীয়া পদাৰ্থ; স্লাইম (ব্ৰেণ্ড), টায়াৰ যত্ন সামগ্ৰীৰ এটা ব্ৰেণ্ড; মিউজিক",0
1060370,বেৰেল অ’ স্লাইম কি?,5,বেৰেল অ’ স্লাইম ২৪ পিচ এছট কালাৰ্ছ পুটি গু গেগ প্ৰেংক ফান পাৰ্টি ফেভাৰ্ছ জোক টয়ছ,0
1060370,বেৰেল অ’ স্লাইম কি?,6,"স্লাইম শিৰোনাম থকা সকলো পৃষ্ঠাই স্লাইম শিৰোনামৰ সৈতে জড়িত প্ৰবন্ধসমূহ তালিকাভুক্ত কৰে। যদি এটা আভ্যন্তৰীণ লিংকে আপোনাক ইয়ালৈ আগবঢ়াই আনে, তেন্তে আপুনি লিংকটো সলনি কৰি প্ৰত্যক্ষভাৱে উদ্দেশ্যমূলক প্ৰবন্ধটোলৈ নিৰ্দেশ কৰিব পাৰে।",0
1060370,বেৰেল অ’ স্লাইম কি?,7,ইবে'ত বেৰেল স্লাইম আৰু বেৰেল স্লাইমৰ বাবে ভাল ডিল বিচাৰি উলিয়াওক। আত্মবিশ্বাসেৰে কিনক।,0
1060370,বেৰেল অ’ স্লাইম কি?,8,"স্লাইম মোল্ড, প্ৰায়ে ইউকেৰিয়টছ বায়'ফিল্মৰ প্ৰায় ৬টা গোটক বুজায়, যি কোষবোৰ এটাই আনটোৰ সৈতে আৰু/বা পৃষ্ঠত লেপ্টি থকা অণুজীৱৰ এক সমষ্টি, যাক পনিফিছ বুলিও কোৱা হয়।",0
1060370,বেৰেল অ’ স্লাইম কি?,9,"স্লাইম - জীৱবিজ্ঞান ১ স্লাইম মোল্ড, একটি বিস্তৃত শব্দ যি প্রায়শই ইউক্যারিয়োটসৰ প্রায় ৬টি গোষ্ঠীকে বুজায়। ২ বায়োফিল্ম, একটি অণুজীৱৰ সমষ্টি যাতে কোষবোৰ একে অপৰৰ সৈতে আৰু/বা এটি পৃষ্ঠৰ সৈতে লেপ্টে থাকে। ৩ স্লিমি (মাছ), যাক পনিফিশ বুলিও জনা যায়। ৪ শামুকৰ স্লাইম, গেষ্ট্ৰোপডসমূহে গতিৰ বাবে ব্যৱহাৰ কৰা শ্লেষ্মা।",0
233826,এটা ঈগলে কিমান দ্ৰুতগতিত ভ্ৰমণ কৰে,0,"দ্ৰুত উত্তৰ। ঈগলে ৩০ৰ পৰা ৫৫ মাইল প্ৰতি ঘণ্টা বেগেৰে উৰে আৰু ১০০ মাইল প্ৰতি ঘণ্টাৰ ওপৰত ডাইভ মাৰে। ঈগলে উষ্ণ বায়ুৰ সোঁতত ঘণ্টাধৰি উৰিব পাৰে, যিয়ে শক্তি সঞ্চয় কৰে, বিশেষকৈ দীঘলীয়া প্ৰব্ৰজনৰ সময়ত।",1
233826,এটা ঈগলে কিমান দ্ৰুতগতিত ভ্ৰমণ কৰে,1,ইয়াৰ মূল্য কিমান? আপুনি কিমান আগতীয়াকৈ সংৰক্ষণ কৰে আৰু ৰে'লখন কিমান ভৰ্তি হৈ আছে তাৰ ওপৰত নিৰ্ভৰ কৰি এই পৰিভ্ৰমণৰ মূল্য ৫০.০০ ডলাৰৰ পৰা ৯৮.০০ ডলাৰলৈকে হয়। মূল্যৰ তথ্যৰ বাবে আমট্ৰাকৰ সৈতে যোগাযোগ কৰক; হাৰ্টলেণ্ড ফ্লায়াৰ ৱেবছাইটৰ জৰিয়তে মূল্য উপলব্ধ নহয়।,0
233826,এটা ঈগলে কিমান দ্ৰুতগতিত ভ্ৰমণ কৰে,2,২০১৬ চনৰ ২৭ ডিচেম্বৰৰ পৰা ২০১৭ চনৰ ১৪ মে’লৈকে বিক্ৰীৰ বাবে উপলব্ধ এটা নিয়মীয়া প্ৰাপ্তবয়স্কৰ টিকট কিনি এটা বিনামূলীয়া সংগী ৰেল ভাড়া লাভ কৰক। ২০১৭ চনৰ ৩ জানুৱাৰীৰ পৰা ২০১৭ চনৰ ১৫ মে’লৈকে ভ্ৰমণ কৰিব লাগিব। ভ্ৰমণৰ পূৰ্বে অতি কমেও এদিন আগতে আগতীয়া সংৰক্ষণৰ প্ৰয়োজন। টেক্সাছ ঈগল আৰু হাৰ্টলেণ্ড ফ্লায়াৰত মাত্ৰ প্ৰচাৰ ভাল; আসন সীমিত; সকলো দিনতে উপলব্ধ নহ’বও পাৰে।,0
233826,এটা ঈগলে কিমান দ্ৰুতগতিত ভ্ৰমণ কৰে,3,ফৰ্ট ৱৰ্থৰ পৰা মই কেনেকৈ ট্ৰেইনত উঠিব পাৰোঁ? হাৰ্টলেণ্ড ফ্লায়াৰ ফৰ্ট ৱৰ্থত উপস্থিত হোৱাৰ পিছত ইয়াৰ অন্ত পৰে। আপুনি টেক্সাছ ঈগলৰ সৈতে সংযোগ কৰিব পাৰে আৰু সমগ্ৰ পথটো চিকাগো আৰু পূবলৈ যাব পাৰে; দক্ষিণে অষ্টিন আৰু ছান এণ্টনিঅ'লৈ আৰু ছান এণ্টনিঅ' হৈ সপ্তাহত তিনিদিন পশ্চিমে লছ এঞ্জেলছলৈ যাব পাৰে।,0
233826,এটা ঈগলে কিমান দ্ৰুতগতিত ভ্ৰমণ কৰে,4,"মাজে মাজে ৩টা কণীৰ এটা থূপ উৎপন্ন হ'ব। কুকুৰাৰ পোৱালিবোৰক মাছৰ এক স্থিৰ আহাৰ দিয়া হয়, মাজে মাজে পানীচৰাই (হাঁহ, হাঁহ) বা পানীৰ চৰাই (চৰাই, কৰ্মোৰেণ্ট) যোগ কৰা হয়। এটা কুকুৰাৰ পোৱালিৰ আহাৰৰ প্ৰায় ৮৫% সাধাৰণতে কাৰ্প, বগা চুকুৰা, শ্বেড, বুলহেড আৰু ছানফিছৰ দৰে মাছেৰে গঠিত হয়।",0
233826,এটা ঈগলে কিমান দ্ৰুতগতিত ভ্ৰমণ কৰে,5,এটা ডাল ঈগলৰ কণী ঘৰচীয়া হাঁহৰ কণীতকৈ সামান্য সৰু। পোৱালিটো ফুটি ওলোৱাৰ সময়ত ইয়াৰ ওজন মাত্ৰ এক আউন্স হয়। ডাল ঈগলে প্ৰায় ৩৫ দিন ধৰি তেওঁলোকৰ কণী ফুটায়। প্ৰথম কণীটো পাৰ হোৱাৰ লগে লগে তেওঁলোকে প্ৰথম কণী পাৰ কৰাৰ পৰা দ্বিতীয় কণীটো সাধাৰণতে ৩৬ ৰ পৰা ৭২ ঘণ্টাৰ ভিতৰত পোৱা যায়।,0
233826,এটা ঈগলে কিমান দ্ৰুতগতিত ভ্ৰমণ কৰে,6,"এটা চৰাই প্ৰতি ঘণ্টাত ১৫ মাইল বেগত ৬ ঘণ্টা (সৰ্বোচ্চ সহনশীলতা, ৯০ মাইল অতিক্ৰম কৰি) বা প্ৰতি ঘণ্টাত ২০ মাইল বেগত ৫ ঘণ্টা (সৰ্বোচ্চ পৰিসৰ, ১০০ মাইল অতিক্ৰম কৰি) উৰি থাকিব পাৰে। চৰাইবোৰে গতি সৰ্বাধিক কৰিবলৈও বাছি ল'ব পাৰে, যেতিয়া কোনো চিকাৰীয়ে খেদি থাকে বা কোনো এটা অঞ্চল ৰক্ষা কৰিবলৈ দৌৰে। বা তেওঁলোকে গতি আৰু পৰিসৰৰ মাজত কিছু আপোচ কৰিব পাৰে।",0
233826,এটা ঈগলে কিমান দ্ৰুতগতিত ভ্ৰমণ কৰে,7,"ঈগলে আন বহুতো চৰাইৰ দৰে পৰিভ্ৰমণ নকৰে, কিন্তু খাদ্যৰ সন্ধানত বিশেষকৈ শীতকালত তেওঁলোক এটা অঞ্চলৰ পৰা আন এটা অঞ্চললৈ যায়। যদিও এই চৰাইবোৰে সমবেতভাৱে খাদ্য খায়, তেওঁলোকে প্ৰায়ে স্বাধীনভাৱে চিকাৰ কৰে। ৬জন লোকে এইটো উপযোগী বুলি পাইছে।",0
233826,এটা ঈগলে কিমান দ্ৰুতগতিত ভ্ৰমণ কৰে,8,"এটা ঈগল পোৱালিয়ে একেবাৰতে যিমান পাৰে খাব পাৰে, সিমান খাব, খাদ্য তাইৰ শস্যত সঞ্চয় কৰি ৰাখে। চকীটো, চৰাইটোৰ ডিঙিৰ তলত থকা এটা অংগ, গল্ফ বলৰ দৰে ফুলি উঠে। চিকাৰ আৰু খুৱাই দিয়া। পুৰুষ পিতৃ-মাতৃয়ে প্ৰথম সপ্তাহবোৰত বেছিভাগ চিকাৰ আৰু খাদ্য সংগ্ৰহ কৰে।",0
233826,এটা ঈগলে কিমান দ্ৰুতগতিত ভ্ৰমণ কৰে,9,"ঈগলৰ পাখিৰ নোম থাকে, যিবোৰ কণী ফুটাৰ পাছত ১০-১৩ সপ্তাহৰ ভিতৰত কম বয়সীয়া পাখিৰ পাখিৰে সলনি হয়, যেতিয়া সিহঁত উৰিবলৈ সাজু হয়। বনত ঈগল ২০ বছৰ পৰ্যন্ত জীয়াই থাকে, কিন্তু বন্দী অৱস্থাত সিহঁত ৫০ বছৰ জীয়াই থাকিব পাৰে।",0
1090355,ষ্টাবহাব টোল বিনামূলীয়া নম্বৰ,0,"ডাক আৰু চৰকাৰী ঠিকনা, ইমেইল ঠিকনা আৰু ফোন নম্বৰ (হেল্পলাইন) ষ্টাবহাব টেলিফোন সেৱা কেন্দ্ৰ আৰু ষ্টাবহাব টেলিফোন গ্ৰাহক সেৱা ফোন নম্বৰ তলত দিয়া হৈছে। ষ্টাবহাব টেলিফোন গ্ৰাহক সেৱা ফোন নম্বৰৰ হেল্পলাইন টোল মুক্ত হ'বও পাৰে বা নহ'বও পাৰে।",0
1090355,ষ্টাবহাব টোল বিনামূলীয়া নম্বৰ,1,ফোন কণ্টেক্ট নম্বৰ। ১ আমেৰিকা যুক্তৰাষ্ট্ৰ আৰু কানাডা: ১-৮৬৬-৭৮৮-২৪৮২। ২ অষ্ট্ৰেলিয়া: ১-৮০০-৯১০-৯২১। ৩ ফ্ৰান্স: ০৮০০-৯১৯-২৭৮। ৪ জাৰ্মানী: ০৮০০-১৮১-১০-৭৭। ৫ মেক্সিকো: ০০১-৮০০-৫১৪-৮১৭৫। ৬ যুক্তৰাজ্য: ০৮০০-৩৫৮-৮৫৮৫। ৭ অন্যান্য দেশ: ১-৪১৫-২২২-৮৪০০।,0
1090355,ষ্টাবহাব টোল বিনামূলীয়া নম্বৰ,2,"ষ্টাবহাব গ্ৰাহক সেৱা বিভাগত অভিযোগ দাখিল কৰক। ষ্টাবহাব কৰ্পোৰেট মুখ্য কাৰ্যালয়ৰ বাবে ১-৮০০ ফোন নম্বৰ, ইমেইল আৰু কাৰ্যালয়ৰ ঠিকনাৰ সৈতে সৰ্বোত্তম যোগাযোগৰ তথ্য।",0
1090355,ষ্টাবহাব টোল বিনামূলীয়া নম্বৰ,3,কিছুমান মোৰ ফোন নম্বৰ স্টাবহাব স্টাবহাব টেলিফোন টোল বিনামূলীয়া গ্ৰাহক সেৱা নম্বৰ : ১-৮৬৬-৭৮৮-২৪৮২ এস্পন ব্ৰিষ্টল টোল বিনামূলীয়া গ্ৰাহক সেৱা নম্বৰ : +১ (৮৬০) ৭৬৬-২০০০ এচ কেশ এক্সপ্ৰেছ টোল বিনামূলীয়া গ্ৰাহক সেৱা নম্বৰ : (৯৭২) ৫৫০-৫০০০ ট্ৰানজিট কেলগাৰী টোল বিনামূলীয়া গ্ৰাহক সেৱা নম্বৰ : +১ ৪০৩-২৬২-১০০০ মোৰ সম্পৰ্কে স্টাবহাব স্টাবহাব স্টাবহাব হৈছে এক আমেৰিকান অনলাইন বজাৰ যি তেওঁলোকৰ সমগ্ৰ বিশ্বতে পণ্য আৰু সেৱা আগবঢ়ায়। কোম্পানীটো ২০০০ চনত এৰিক বেকাৰ আৰু জেফ ফ্লুহৰে প্ৰতিষ্ঠা কৰিছিল।,0
1090355,ষ্টাবহাব টোল বিনামূলীয়া নম্বৰ,4,"টোল বিনামূলীয়া ফোন নম্বৰ: ১-৮৬৬-৭৮৮-২৪৮২ ষ্টাব হাব কোম্পানী হৈছে ইবে'ৰ মালিকানাধীন এক আমেৰিকান অনলাইন টিকেট বিনিময় সংস্থা। ক্ৰেতা আৰু বিক্ৰেতাসকলে ক্ৰীড়া, কনচাৰ্ট, থিয়েটাৰ আৰু অন্যান্য লাইভ ইভেণ্টৰ টিকেট বিনিময় কৰে।",0
1090355,ষ্টাবহাব টোল বিনামূলীয়া নম্বৰ,5,"ষ্টাবহাব মেইলিং / ডাক আৰু কৰ্পোৰেট কাৰ্যালয়ৰ ঠিকনা, ষ্টাবহাব টোল বিনামূলীয়া নম্বৰ, গ্ৰাহক যত্ন সেৱাৰ হেল্পলাইন নম্বৰ, ষ্টাবহাবৰ কৰ্পোৰেট মুখ্য কাৰ্যালয়ৰ মুখ্য কাৰ্যালয়ৰ ঠিকনা, গ্ৰাহক সমৰ্থন নম্বৰ আৰু ইমেইল আইডি আধিকাৰিক ৱেব পৃষ্ঠাৰ লিংক, সামাজিক প্ৰ'ফাইল, ৰেটিং আৰু সমীক্ষাৰ সৈতে দিয়া হয়।",0
1090355,ষ্টাবহাব টোল বিনামূলীয়া নম্বৰ,6,ষ্টাবহাব - ফোন নম্বৰটো স্পষ্টভাৱে ভুৱা। মই এটা ফোন নম্বৰ পাইছিলো যেন স্পষ্টভাৱে ভুৱা। মই ২৭০০ ডলাৰৰ টিকটৰ বাবে এখন ৰচিদ পাইছিলো যিটো মই কেতিয়াও অৰ্ডাৰ কৰা নাছিলো আৰু মই কেতিয়াও ষ্টাবহাবৰ পৰা একো অৰ্ডাৰ কৰা নাই। তেওঁলোকক বিষয়টো আলোচনা কৰিবলৈ যোগাযোগ কৰিব নোৱাৰি। বৰ বেয়া ব্যৱসা।,0
1090355,ষ্টাবহাব টোল বিনামূলীয়া নম্বৰ,7,"ষ্টাবহাব টোল-মুক্ত নম্বৰ ৮৬৬-৭৮৮-২৪৮২ কেনেকৈ ষ্টাবহাব গ্ৰাহক সেৱাৰ সৈতে যোগাযোগ কৰিব লাগে যদিও ৮৬৬-৭৮৮-২৪৮২ হৈছে ষ্টাবহাবৰ শ্ৰেষ্ঠ টোল-মুক্ত নম্বৰ, তেওঁলোকৰ সৈতে যোগাযোগ কৰাৰ মুঠ ৩টা উপায় আছে।",1
1090355,ষ্টাবহাব টোল বিনামূলীয়া নম্বৰ,8,দেখা যায় যে ষ্টাবহাবে সকলো গ্ৰাহকৰ প্ৰয়োজনীয়তাৰ বাবে এটা মুখ্য ফোন নম্বৰ আগবঢ়ায়: ইউএছ আৰু কানাডা: ১-৮৬৬-৭৮৮-২৪৮২; অষ্ট্ৰেলিয়া: ১-৮০০-৯১০-৯২১; ফ্ৰান্স: ০৮০০-৯১৯-২৭৮; জাৰ্মানী: ০৮০০-১৮১-১০-৭৭; মেক্সিকো: ০০১-৮০০-৫১৪-৮১৭৫; ইউনাইটেড কিংডম: ০৮০০-৩৫৮-৮৫৮৫; অন্যান্য দেশ: ১-৪১৫-২২২-৮৪০০; ডাক ঠিকনা। কিছুমান গ্ৰাহকে ডাকযোগে ষ্টাবহাবক যোগাযোগ কৰাটো পছন্দ কৰে।,0
1090355,ষ্টাবহাব টোল বিনামূলীয়া নম্বৰ,9,"ষ্টাবহাব/অনৈতিক অভিযোগ। ৪/২২/১৬ তাৰিখে ষ্টাবহাবত ডাৰ্বি টিকট বিক্ৰী কৰিছিল। ৪/২৫/১৬ তাৰিখে মই এতিয়াও মোৰ টিকটবোৰ পাইছিলোঁ, সেয়েহে ষ্টাবহাবে মোক ডেলিভাৰীৰ তাৰিখটো দীঘলীয়া কৰিবলৈ কৈছিল। মই এইটো কৰোঁতে ক্ৰেতাই সিদ্ধান্ত লৈছিল যে তেওঁ মোৰ টিকটবোৰ নোপোৱালৈকে অপেক্ষা কৰিব নিবিচাৰে, সেয়েহে ষ্টাবহাবে মোক আন কিছুমান টিকট দিছিল।",0
287284,সৌৰ চিটি পেনেলসমূহে কিমান কিলোৱাট উৎপাদন কৰে,0,"এক কিলোৱাট-ঘণ্টা (১ কিলোৱাট ঘণ্টা) মানে এক শক্তি উৎসে এক ঘণ্টাৰ বাবে ১,০০০ ওৱাট (১ কিলোৱাট) শক্তি যোগান ধৰে। সাধাৰণতে, এক সৌৰ শক্তি ব্যৱস্থাই দিনে প্ৰায় ৫ ঘণ্টা বিদ্যুৎ উৎপাদন কৰে। সুতৰাং, যদি আপোনাৰ ১.৮ কিলোৱাট ব্যৱস্থাৰ আকাৰ থাকে আৰু ই দিনে ৫ ঘণ্টাৰ বাবে উৎপাদন কৰে, বছৰত ৩৬৫ দিন: এই সৌৰ শক্তি ব্যৱস্থাই বছৰত ৩,২৮৫ কিলোৱাট ঘণ্টা (১.৮ কিলোৱাট x ৫ ঘণ্টা x ৩৬৫ দিন) উৎপাদন কৰিব। যদি পিভি পেনেলবোৰ দিনৰ কিছু অংশৰ বাবে ছায়াযুক্ত হয়, তেন্তে ছায়াযুক্ত শতাংশ অনুসৰি উৎপাদন হ্ৰাস পাব।",0
287284,সৌৰ চিটি পেনেলসমূহে কিমান কিলোৱাট উৎপাদন কৰে,1,100/1000 (কিলোৱাট) x 10 (ঘণ্টা) x 30 দিন = 30 কিলোৱাট ঘণ্টা প্ৰতি মাহ। সৌৰ পেনেলসমূহ যেকোনো ঠাইতে কাম কৰিব; যদিও কিছুমান স্থান আনবোৰতকৈ ভাল। এইবোৰ কিছুমান গুৰুত্বপূৰ্ণ কাৰক আপুনি বিবেচনা কৰিব লাগিব: অৱস্থান। দক্ষিণৰ স্থানসমূহে উত্তৰৰ স্থানতকৈ বেছি পোহৰ পায়।,0
287284,সৌৰ চিটি পেনেলসমূহে কিমান কিলোৱাট উৎপাদন কৰে,2,"প্ৰতি ঘণ্টাত আপুনি কিমান কিলোৱাট বিদ্যুৎ উৎপাদন কৰিব লাগিব তাক হিচাপ কৰক। ওপৰৰ মানচিত্ৰখনৰ পৰা আপুনি দেখিব পাৰিব যে যদি আপুনি এটা হালধীয়া অঞ্চলত বাস কৰে য'ত আপুনি দিনে ৫ৰ পৰা ৬ ঘণ্টা সূৰ্যৰ শিখৰ সময় পাব, তেন্তে আমি সেইটোক ৫ ঘণ্টা/দিন বুলি ক'ব। যেহেতু আপুনি ২৯.৬ কিলোৱাট/দিন উৎপাদন কৰিব লাগিব, আপুনি ২৯.৬ কিলোৱাট/৫ ঘণ্টা = ৫.৯২ কিলোৱাট প্ৰণালীৰ প্ৰয়োজন।",0
287284,সৌৰ চিটি পেনেলসমূহে কিমান কিলোৱাট উৎপাদন কৰে,3,"প্ৰতিটো সৌৰ শৃংখলাৰ এটা নিৰ্দিষ্ট ৰেটিং থাকে। কিছুমান হৈছে ৫০ ডব্লিউ, ৮০ ডব্লিউ বা ১২০ ডব্লিউ যাৰ অৰ্থ হৈছে আদৰ্শ সূৰ্যৰ পোহৰৰ অধীনত ই কিমান শক্তি উৎপাদন কৰিব পাৰে। আপুনি দেখিব পাৰিছেনে, পেনেলবোৰ ওৱাটত পৰিমাপ কৰা হয় যদিও বেছিভাগ যন্ত্ৰপাতিতে কিলোৱাটৰ প্ৰয়োজন হয়। সেয়েহে, সাধাৰণ দৈনিক শক্তিৰ প্ৰয়োজনীয়তা পূৰণ কৰিবলৈ এই সৌৰ শৃংখলাবোৰৰ ভিতৰত কেইবাটাও প্ৰয়োজন।",0
287284,সৌৰ চিটি পেনেলসমূহে কিমান কিলোৱাট উৎপাদন কৰে,4,"এক কিলোৱাট ঘণ্টা হৈছে সাধাৰণতে এনেদৰে: ব্যৱহৃত বিদ্যুতৰ পৰিমাণ (১০০০ ৱাট = ১ কিলোৱাট), কিলোৱাটত গুণ কৰা হয়। শক্তি ব্যৱহাৰ কৰা ঘণ্টাৰ সংখ্যা। সাধাৰণতে গণনাত সময়সীমা যেনে এদিন, এমাহ বা এবছৰ বুলি উল্লেখ কৰা হয়।",0
287284,সৌৰ চিটি পেনেলসমূহে কিমান কিলোৱাট উৎপাদন কৰে,5,"কেবিটিইউ ইউনিটবোৰক কিলোৱাট প্ৰতি ঘণ্টালৈ ৰূপান্তৰ কৰিব পাৰি, যি বিদ্যুতৰ এক সাধাৰণ পৰিমাপৰ একক। এটা সাধাৰণ সৌৰ তাপ সংগ্ৰাহকে প্ৰতিদিনে প্ৰায় ১০ কিলোৱাট প্ৰতি ঘণ্টা বা বছৰটোৰ ভিতৰত (৩৬৫ দিন) প্ৰায় ৩,৬৫০ কিলোৱাট প্ৰতি ঘণ্টা উৎপাদন কৰিব।",0
287284,সৌৰ চিটি পেনেলসমূহে কিমান কিলোৱাট উৎপাদন কৰে,6,"গড়ে (এক সাধাৰণ নিয়ম হিচাপে) আধুনিক ফটোভলটেইক (পিভি) সৌৰ পেনেলে প্ৰতি বৰ্গফুট সৌৰ পেনেল এলেকাত ৮ - ১০ ৱাট উৎপাদন কৰিব। উদাহৰণস্বৰূপে, ২০ ফুট আৰু ১০ ফুটৰ এখন চালৰ এলেকা হ’ল ২০০ বৰ্গফুট (২০ ফুট x ১০ ফুট)।",0
287284,সৌৰ চিটি পেনেলসমূহে কিমান কিলোৱাট উৎপাদন কৰে,7,"কিলোৱাট আৰু ৱাট দুয়োটাই শক্তি স্থানান্তৰৰ হাৰ বৰ্ণনা কৰে; এক প্ৰতি ছেকেণ্ডত এক জুল হিচাপে এক ৱাট সংজ্ঞায়িত কৰা হয়। আপোনাৰ বৈদ্যুতিক বিলে আপোনাক কিলোৱাট-ঘণ্টা (কেডব্লিউএইচ) পৰিপ্ৰেক্ষিতত বিদ্যুৎ চাৰ্জ কৰে। এক কিলোৱাট-ঘণ্টা হৈছে শক্তিৰ একক যি এক ঘণ্টাৰ বাবে ব্যয় কৰা এক কিলোৱাট শক্তিৰ সমতুল্য। উদাহৰণস্বৰূপে, ১,০০০ ৱাট (১ কেডব্লিউ) আৰু এক ঘণ্টাৰ বাবে কাম কৰা এক চুলি শুকোৱা যন্ত্ৰই এক কিলোৱাট-ঘণ্টা শক্তি ব্যৱহাৰ কৰিব। এক সৌৰ পেনেলৰ আউটপুট ইয়াৰ আকাৰৰ ওপৰত নিৰ্ভৰ কৰে। ১ ঘণ্টাৰ বাবে সূৰ্যত এটা ১০০ ৱাট পেনেল এক ১০০ ৱাট-ঘণ্টা (বা ০.১ কিলোৱাট-ঘণ্টা) বিদ্যুৎ উৎপন্ন কৰিব।",0
287284,সৌৰ চিটি পেনেলসমূহে কিমান কিলোৱাট উৎপাদন কৰে,8,"উদাহৰণস্বৰূপে, নিউয়ৰ্কত ১৫০ ৱাট ৰেটিং প্ৰাপ্ত এটা পেনেলৰ বাবে, আমাৰ আছে: ৪ ঘণ্টা শীৰ্ষ সূৰ্যৰ পেনেল x ১৫০ ৱাট পেনেল x ৩০.৫ দিন প্ৰতি মাহ ১০০০ কিলোৱাট/ঘণ্টা = ১৮.৩ কিলোৱাট/মাহ। কোনোমতে এই মিথ আৰম্ভ হৈছিল যে এটা সৌৰ পেনেল তৈয়াৰ কৰিবলৈ ইয়াৰ জীৱনকালত পেনেলটোৱে উৎপাদন কৰা শক্তিৰ তুলনাত বেছি শক্তি লাগে।",0
287284,সৌৰ চিটি পেনেলসমূহে কিমান কিলোৱাট উৎপাদন কৰে,9,"ক: উটাহত এটা সুস্থাপিত ৩.৩ কিলোৱাট সৌৰ পিভি এৰে বছৰি প্ৰায় ৪,৫০০ কিলোৱাট বিদ্যুৎ উৎপাদন কৰিব। গড় উটাহে বছৰি প্ৰায় ৯,০০০ কিলোৱাট বিদ্যুৎ ব্যৱহাৰ কৰে আৰু এটা ৬.৪ কিলোৱাট ব্যৱস্থাই ১০০% ব্যৱহাৰ সামৰি ল'ব।",0
